instance,m,n,K,correlation,seed,method,run,time,gap,hv,front_exact,archive
5x5-K2-c0.0-s0,5,5,2,0.0,0,FP-geometric,0,0.00045694000004914415,0.10843391744458053,0.5359457297375309,False,
5x5-K2-c0.0-s0,5,5,2,0.0,0,FP-arithmetic,0,0.0003036020000308781,0.12373944517406116,0.4239526433633996,False,
5x5-K2-c0.0-s0,5,5,2,0.0,0,FP-harmonic,0,0.00026824299993677414,0.3506620593936639,0.0,False,
5x5-K2-c0.0-s0,5,5,2,0.0,0,FP-minimum,0,0.00021059599998807244,0.3506620593936639,0.0,False,
5x5-K2-c0.0-s0,5,5,2,0.0,0,FP-arithmetic-norm,0,0.00021621900009449746,0.12373944517406116,0.4239526433633996,False,
5x5-K2-c0.0-s0,5,5,2,0.0,0,FP-harmonic-norm,0,0.00020171899996057618,0.10843391744458053,0.5359457297375309,False,
5x5-K2-c0.0-s0,5,5,2,0.0,0,FP-minimum-norm,0,0.00023099999998521525,0.3717614253257208,0.0,False,
5x5-K2-c0.0-s0,5,5,2,0.0,0,VAM-arithmetic-norm,0,0.00044431800006350386,0.10843391744458053,0.5359457297375309,False,
5x5-K2-c0.0-s0,5,5,2,0.0,0,MOACO,0,0.20881654400000116,0.08055033723072035,0.9949602507878487,False,10.0
5x5-K2-c0.0-s0,5,5,2,0.0,0,MOACO,1,0.23281669699986196,0.08055033723072035,0.9984177531543246,False,11.0
5x5-K2-c0.0-s0,5,5,2,0.0,0,MOACO,2,0.2601095959998929,0.08055033723072035,0.9984177531543246,False,11.0
5x5-K2-c0.0-s0,5,5,2,0.0,0,MOACO+LS,0,0.2287299729998722,0.08055033723072035,0.989296565455725,False,11.0
5x5-K2-c0.0-s0,5,5,2,0.0,0,MOACO+LS,1,0.22316956999998183,0.08055033723072035,0.9933780039421732,False,9.0
5x5-K2-c0.0-s0,5,5,2,0.0,0,MOACO+LS,2,0.264303277999943,0.08055033723072035,0.9933780039421732,False,9.0
5x5-K2-c0.0-s0,5,5,2,0.0,0,MOACO+LS (FP-seeded),0,0.25512847100003455,0.08055033723072035,0.9908788123014004,False,12.0
5x5-K2-c0.0-s0,5,5,2,0.0,0,MOACO+LS (FP-seeded),1,0.24685879000003297,0.08055033723072035,0.9878073919539128,False,10.0
5x5-K2-c0.0-s0,5,5,2,0.0,0,MOACO+LS (FP-seeded),2,0.25079229200014197,0.08055033723072035,0.9949602507878487,False,10.0
5x5-K2-c0.0-s0,5,5,2,0.0,0,Exact LP (weighted sums),0,0.33207660000016404,0.08055033723072035,0.9607678619811937,False,6.0
5x5-K2-c0.0-s1,5,5,2,0.0,1,FP-geometric,0,0.0005625410001357523,0.5837344299764031,0.19550316992588632,False,
5x5-K2-c0.0-s1,5,5,2,0.0,1,FP-arithmetic,0,0.00039681699990978814,0.565997783372983,0.5318334378404788,False,
5x5-K2-c0.0-s1,5,5,2,0.0,1,FP-harmonic,0,0.0003516409999519965,0.5115099191733244,0.2239159591166557,False,
5x5-K2-c0.0-s1,5,5,2,0.0,1,FP-minimum,0,0.0002511480001885502,0.6362855761658932,0.12004484554986483,False,
5x5-K2-c0.0-s1,5,5,2,0.0,1,FP-arithmetic-norm,0,0.0003755439997803478,0.678312838023424,0.5475931898847018,False,
5x5-K2-c0.0-s1,5,5,2,0.0,1,FP-harmonic-norm,0,0.00023776700004418672,0.5115099191733244,0.2239159591166557,False,
5x5-K2-c0.0-s1,5,5,2,0.0,1,FP-minimum-norm,0,0.00024058499980128545,0.6362855761658932,0.12004484554986483,False,
5x5-K2-c0.0-s1,5,5,2,0.0,1,VAM-arithmetic-norm,0,0.0005362520000744553,0.658153081591456,0.5432813206921291,False,
5x5-K2-c0.0-s1,5,5,2,0.0,1,MOACO,0,0.279306902999906,0.5115099191733244,0.9900876556010798,False,51.0
5x5-K2-c0.0-s1,5,5,2,0.0,1,MOACO,1,0.26204796399997576,0.5115099191733244,0.9918688597394885,False,48.0
5x5-K2-c0.0-s1,5,5,2,0.0,1,MOACO,2,0.2694433690001006,0.5115099191733244,0.9886305291762464,False,47.0
5x5-K2-c0.0-s1,5,5,2,0.0,1,MOACO+LS,0,0.33124419999990096,0.5115099191733244,0.9955970264084527,False,50.0
5x5-K2-c0.0-s1,5,5,2,0.0,1,MOACO+LS,1,0.25594644399984645,0.5115099191733244,0.9969797372877889,False,53.0
5x5-K2-c0.0-s1,5,5,2,0.0,1,MOACO+LS,2,0.253099992999978,0.5115099191733244,0.9961850855698048,False,48.0
5x5-K2-c0.0-s1,5,5,2,0.0,1,MOACO+LS (FP-seeded),0,0.28421744800016313,0.5115099191733244,0.997216396606045,False,52.0
5x5-K2-c0.0-s1,5,5,2,0.0,1,MOACO+LS (FP-seeded),1,0.2825004029998581,0.5115099191733244,0.9960256485248972,False,47.0
5x5-K2-c0.0-s1,5,5,2,0.0,1,MOACO+LS (FP-seeded),2,0.27553948299987496,0.5115099191733244,0.9955703997513192,False,48.0
5x5-K2-c0.0-s1,5,5,2,0.0,1,Exact LP (weighted sums),0,0.28368615299996236,0.5115099191733244,0.9412423074233853,False,11.0
5x5-K2-c0.0-s2,5,5,2,0.0,2,FP-geometric,0,0.0003935189999992872,0.3186321426326086,0.522780533208134,False,
5x5-K2-c0.0-s2,5,5,2,0.0,2,FP-arithmetic,0,0.00022089699996286072,0.367867809399417,0.19388400713007045,False,
5x5-K2-c0.0-s2,5,5,2,0.0,2,FP-harmonic,0,0.00022972900001150265,0.3186321426326086,0.522780533208134,False,
5x5-K2-c0.0-s2,5,5,2,0.0,2,FP-minimum,0,0.00019244999998591084,0.3153695263483406,0.5266615101034399,False,
5x5-K2-c0.0-s2,5,5,2,0.0,2,FP-arithmetic-norm,0,0.0002531789998556633,0.33407526338333676,0.12346611511965058,False,
5x5-K2-c0.0-s2,5,5,2,0.0,2,FP-harmonic-norm,0,0.00021650500002579065,0.3879781487929582,0.3721749737070793,False,
5x5-K2-c0.0-s2,5,5,2,0.0,2,FP-minimum-norm,0,0.00021031300002505304,0.3153695263483406,0.5266615101034399,False,
5x5-K2-c0.0-s2,5,5,2,0.0,2,VAM-arithmetic-norm,0,0.0004889320000529551,0.29941225635042684,0.5670249085414377,False,
5x5-K2-c0.0-s2,5,5,2,0.0,2,MOACO,0,0.2643675849999454,0.2578833462371898,0.9935213156989802,False,40.0
5x5-K2-c0.0-s2,5,5,2,0.0,2,MOACO,1,0.27224915700003294,0.2578833462371898,0.9940003282128289,False,41.0
5x5-K2-c0.0-s2,5,5,2,0.0,2,MOACO,2,0.25716408700009197,0.2578833462371898,0.9937054368491909,False,41.0
5x5-K2-c0.0-s2,5,5,2,0.0,2,MOACO+LS,0,0.2734188429999449,0.2578833462371898,0.9932178133244327,False,44.0
5x5-K2-c0.0-s2,5,5,2,0.0,2,MOACO+LS,1,0.29559812200000124,0.2578833462371898,0.9947999792990153,False,43.0
5x5-K2-c0.0-s2,5,5,2,0.0,2,MOACO+LS,2,0.2739768629999162,0.2578833462371898,0.9938768846511198,False,40.0
5x5-K2-c0.0-s2,5,5,2,0.0,2,MOACO+LS (FP-seeded),0,0.2736239729999852,0.2578833462371898,0.9939835353111549,False,36.0
5x5-K2-c0.0-s2,5,5,2,0.0,2,MOACO+LS (FP-seeded),1,0.2906410699999924,0.2578833462371898,0.9953962846524952,False,43.0
5x5-K2-c0.0-s2,5,5,2,0.0,2,MOACO+LS (FP-seeded),2,0.26925685099990915,0.2578833462371898,0.9947038849945469,False,40.0
5x5-K2-c0.0-s2,5,5,2,0.0,2,Exact LP (weighted sums),0,0.3782468679999056,0.2578833462371898,0.8692707506451597,False,9.0
5x5-K2-c0.0-s3,5,5,2,0.0,3,FP-geometric,0,0.0003201459999218059,0.1490602631850636,0.13783368251091827,False,
5x5-K2-c0.0-s3,5,5,2,0.0,3,FP-arithmetic,0,0.00031660299987379403,0.14666539270017198,0.16106206150832963,False,
5x5-K2-c0.0-s3,5,5,2,0.0,3,FP-harmonic,0,0.0002168020000681281,0.1490602631850636,0.13783368251091827,False,
5x5-K2-c0.0-s3,5,5,2,0.0,3,FP-minimum,0,0.00021603299978778523,0.14942110533473937,0.17025299038752234,False,
5x5-K2-c0.0-s3,5,5,2,0.0,3,FP-arithmetic-norm,0,0.00019987799987575272,0.14666539270017198,0.16106206150832963,False,
5x5-K2-c0.0-s3,5,5,2,0.0,3,FP-harmonic-norm,0,0.0002199020000261953,0.1490602631850636,0.13783368251091827,False,
5x5-K2-c0.0-s3,5,5,2,0.0,3,FP-minimum-norm,0,0.00024163300008694932,0.14942110533473937,0.17025299038752234,False,
5x5-K2-c0.0-s3,5,5,2,0.0,3,VAM-arithmetic-norm,0,0.0004527799999323179,0.1622415449800171,0.13322777416709827,False,
5x5-K2-c0.0-s3,5,5,2,0.0,3,MOACO,0,0.24260862500000258,0.14666539270017198,0.9910404127606847,False,17.0
5x5-K2-c0.0-s3,5,5,2,0.0,3,MOACO,1,0.2462551200001144,0.14666539270017198,0.9903141033511539,False,13.0
5x5-K2-c0.0-s3,5,5,2,0.0,3,MOACO,2,0.2360848299999816,0.14666539270017198,0.9969206972914796,False,16.0
5x5-K2-c0.0-s3,5,5,2,0.0,3,MOACO+LS,0,0.27477723100014373,0.14666539270017198,0.9894164772670744,False,18.0
5x5-K2-c0.0-s3,5,5,2,0.0,3,MOACO+LS,1,0.29751409999994394,0.14666539270017198,0.9944015176568582,False,15.0
5x5-K2-c0.0-s3,5,5,2,0.0,3,MOACO+LS,2,0.2581397700000707,0.14666539270017198,0.9890159443787712,False,14.0
5x5-K2-c0.0-s3,5,5,2,0.0,3,MOACO+LS (FP-seeded),0,0.24480816499999491,0.14666539270017198,0.995451313257743,False,16.0
5x5-K2-c0.0-s3,5,5,2,0.0,3,MOACO+LS (FP-seeded),1,0.24115728300012051,0.14666539270017198,0.9944015176568582,False,15.0
5x5-K2-c0.0-s3,5,5,2,0.0,3,MOACO+LS (FP-seeded),2,0.24916157899997415,0.14666539270017198,0.9913176342885909,False,15.0
5x5-K2-c0.0-s3,5,5,2,0.0,3,Exact LP (weighted sums),0,0.25884169000005386,0.14666539270017198,0.8423664890219633,False,4.0
5x5-K2-c0.0-s4,5,5,2,0.0,4,FP-geometric,0,0.00034407199996167037,0.24566833122581017,0.3640103052727006,False,
5x5-K2-c0.0-s4,5,5,2,0.0,4,FP-arithmetic,0,0.00022590499997932056,0.23033025192518464,0.6608880515981309,False,
5x5-K2-c0.0-s4,5,5,2,0.0,4,FP-harmonic,0,0.0002739100000326289,0.24566833122581017,0.3640103052727006,False,
5x5-K2-c0.0-s4,5,5,2,0.0,4,FP-minimum,0,0.00019864299997607304,0.43660980990432563,0.04407045628400603,False,
5x5-K2-c0.0-s4,5,5,2,0.0,4,FP-arithmetic-norm,0,0.00021627599994644697,0.23033025192518464,0.6608880515981309,False,
5x5-K2-c0.0-s4,5,5,2,0.0,4,FP-harmonic-norm,0,0.00021091799999339855,0.24566833122581017,0.3640103052727006,False,
5x5-K2-c0.0-s4,5,5,2,0.0,4,FP-minimum-norm,0,0.00023788499993315781,0.43660980990432563,0.04407045628400603,False,
5x5-K2-c0.0-s4,5,5,2,0.0,4,VAM-arithmetic-norm,0,0.00041535299988026964,0.23481466645366245,0.7145546313553173,False,
5x5-K2-c0.0-s4,5,5,2,0.0,4,MOACO,0,0.258225247999917,0.21275136286938948,0.9905609716731295,False,29.0
5x5-K2-c0.0-s4,5,5,2,0.0,4,MOACO,1,0.22844392699994387,0.21275136286938948,0.974277995563358,False,28.0
5x5-K2-c0.0-s4,5,5,2,0.0,4,MOACO,2,0.22716499900002418,0.21275136286938948,0.9883586976524007,False,23.0
5x5-K2-c0.0-s4,5,5,2,0.0,4,MOACO+LS,0,0.24284224300004098,0.21275136286938948,0.9884897475892567,False,28.0
5x5-K2-c0.0-s4,5,5,2,0.0,4,MOACO+LS,1,0.24936663199991926,0.21275136286938948,0.9887520191066309,False,28.0
5x5-K2-c0.0-s4,5,5,2,0.0,4,MOACO+LS,2,0.24666965399978835,0.21275136286938948,0.999635943790346,False,24.0
5x5-K2-c0.0-s4,5,5,2,0.0,4,MOACO+LS (FP-seeded),0,0.22053675000006479,0.21275136286938948,0.9885718790820993,False,27.0
5x5-K2-c0.0-s4,5,5,2,0.0,4,MOACO+LS (FP-seeded),1,0.2094969970000875,0.21275136286938948,0.9885523117044942,False,26.0
5x5-K2-c0.0-s4,5,5,2,0.0,4,MOACO+LS (FP-seeded),2,0.23526357300011114,0.21275136286938948,0.9881441430733966,False,23.0
5x5-K2-c0.0-s4,5,5,2,0.0,4,Exact LP (weighted sums),0,0.39125497100008033,0.21275136286938948,0.8639765163593806,False,5.0
5x5-K2-c0.5-s0,5,5,2,0.5,0,FP-geometric,0,0.0003723830000126327,0.058633295033539055,0.0,False,
5x5-K2-c0.5-s0,5,5,2,0.5,0,FP-arithmetic,0,0.00021840599993083742,0.058633295033539055,0.0,False,
5x5-K2-c0.5-s0,5,5,2,0.5,0,FP-harmonic,0,0.0003020789999936824,0.058633295033539055,0.0,False,
5x5-K2-c0.5-s0,5,5,2,0.5,0,FP-minimum,0,0.0003195520000645047,0.10547056163927207,0.0,False,
5x5-K2-c0.5-s0,5,5,2,0.5,0,FP-arithmetic-norm,0,0.00024095799994938716,0.058633295033539055,0.0,False,
5x5-K2-c0.5-s0,5,5,2,0.5,0,FP-harmonic-norm,0,0.0002763869999853341,0.058633295033539055,0.0,False,
5x5-K2-c0.5-s0,5,5,2,0.5,0,FP-minimum-norm,0,0.00025866299984045327,0.058633295033539055,0.0,False,
5x5-K2-c0.5-s0,5,5,2,0.5,0,VAM-arithmetic-norm,0,0.000456757999927504,0.02191386108583561,0.1604341276769122,False,
5x5-K2-c0.5-s0,5,5,2,0.5,0,MOACO,0,0.2783669430000373,0.02191386108583561,1.0,False,10.0
5x5-K2-c0.5-s0,5,5,2,0.5,0,MOACO,1,0.20413616499990894,0.02191386108583561,1.0,False,10.0
5x5-K2-c0.5-s0,5,5,2,0.5,0,MOACO,2,0.24005881700009013,0.02191386108583561,1.0,False,10.0
5x5-K2-c0.5-s0,5,5,2,0.5,0,MOACO+LS,0,0.2421457420000479,0.02191386108583561,1.0,False,10.0
5x5-K2-c0.5-s0,5,5,2,0.5,0,MOACO+LS,1,0.25894618100005573,0.02191386108583561,1.0,False,10.0
5x5-K2-c0.5-s0,5,5,2,0.5,0,MOACO+LS,2,0.2650006139999732,0.02191386108583561,1.0,False,10.0
5x5-K2-c0.5-s0,5,5,2,0.5,0,MOACO+LS (FP-seeded),0,0.26510854299999664,0.02191386108583561,0.9928659421575875,False,9.0
5x5-K2-c0.5-s0,5,5,2,0.5,0,MOACO+LS (FP-seeded),1,0.18624358500005656,0.02191386108583561,1.0,False,10.0
5x5-K2-c0.5-s0,5,5,2,0.5,0,MOACO+LS (FP-seeded),2,0.33892914900002324,0.02191386108583561,1.0,False,10.0
5x5-K2-c0.5-s0,5,5,2,0.5,0,Exact LP (weighted sums),0,0.4127592039999399,0.02191386108583561,0.6897917885585039,False,3.0
5x5-K2-c0.5-s1,5,5,2,0.5,1,FP-geometric,0,0.0003297650000604335,0.15499188426524946,0.4036682499131571,False,
5x5-K2-c0.5-s1,5,5,2,0.5,1,FP-arithmetic,0,0.000263841999867509,0.17779857801008872,0.5914613640733064,False,
5x5-K2-c0.5-s1,5,5,2,0.5,1,FP-harmonic,0,0.00020556399999804853,0.15499188426524946,0.4036682499131571,False,
5x5-K2-c0.5-s1,5,5,2,0.5,1,FP-minimum,0,0.00018393699997432122,0.30611014505428924,0.13801241182081697,False,
5x5-K2-c0.5-s1,5,5,2,0.5,1,FP-arithmetic-norm,0,0.00021424800002023403,0.17779857801008872,0.5914613640733064,False,
5x5-K2-c0.5-s1,5,5,2,0.5,1,FP-harmonic-norm,0,0.00019900700021935336,0.19134577431597888,0.2495839438328791,False,
5x5-K2-c0.5-s1,5,5,2,0.5,1,FP-minimum-norm,0,0.00024429199993392103,0.30611014505428924,0.13801241182081697,False,
5x5-K2-c0.5-s1,5,5,2,0.5,1,VAM-arithmetic-norm,0,0.00038739899991924176,0.15345919796133428,0.5461440452005963,False,
5x5-K2-c0.5-s1,5,5,2,0.5,1,MOACO,0,0.18645352700013973,0.10349898349671983,0.9950103780648172,False,9.0
5x5-K2-c0.5-s1,5,5,2,0.5,1,MOACO,1,0.19388314799994077,0.10349898349671983,0.9950103780648172,False,9.0
5x5-K2-c0.5-s1,5,5,2,0.5,1,MOACO,2,0.20398583500013956,0.10349898349671983,0.9950103780648172,False,9.0
5x5-K2-c0.5-s1,5,5,2,0.5,1,MOACO+LS,0,0.2235740739999983,0.10349898349671983,1.0,False,9.0
5x5-K2-c0.5-s1,5,5,2,0.5,1,MOACO+LS,1,0.2401469310000266,0.10349898349671983,1.0,False,9.0
5x5-K2-c0.5-s1,5,5,2,0.5,1,MOACO+LS,2,0.2536905199999637,0.10349898349671983,1.0,False,9.0
5x5-K2-c0.5-s1,5,5,2,0.5,1,MOACO+LS (FP-seeded),0,0.27326873999982126,0.10349898349671983,1.0,False,9.0
5x5-K2-c0.5-s1,5,5,2,0.5,1,MOACO+LS (FP-seeded),1,0.2514366230000178,0.10349898349671983,1.0,False,9.0
5x5-K2-c0.5-s1,5,5,2,0.5,1,MOACO+LS (FP-seeded),2,0.2548001560001012,0.10349898349671983,1.0,False,9.0
5x5-K2-c0.5-s1,5,5,2,0.5,1,Exact LP (weighted sums),0,0.26595840999993925,0.10349898349671983,0.893781286285012,False,4.0
5x5-K2-c0.5-s2,5,5,2,0.5,2,FP-geometric,0,0.0006537849999403988,0.13213506963256882,0.4788295566951939,False,
5x5-K2-c0.5-s2,5,5,2,0.5,2,FP-arithmetic,0,0.00028350899992801715,0.12192891702997204,0.5450116386787898,False,
5x5-K2-c0.5-s2,5,5,2,0.5,2,FP-harmonic,0,0.00023575000000164437,0.13213506963256882,0.4788295566951939,False,
5x5-K2-c0.5-s2,5,5,2,0.5,2,FP-minimum,0,0.00020900100003018451,0.13213506963256882,0.4788295566951939,False,
5x5-K2-c0.5-s2,5,5,2,0.5,2,FP-arithmetic-norm,0,0.00031017500009511423,0.12192891702997204,0.5450116386787898,False,
5x5-K2-c0.5-s2,5,5,2,0.5,2,FP-harmonic-norm,0,0.00023117700015973242,0.13213506963256882,0.4788295566951939,False,
5x5-K2-c0.5-s2,5,5,2,0.5,2,FP-minimum-norm,0,0.00020759400013048435,0.13213506963256882,0.4788295566951939,False,
5x5-K2-c0.5-s2,5,5,2,0.5,2,VAM-arithmetic-norm,0,0.0009325440000793606,0.09225607294247994,0.6820033993541135,False,
5x5-K2-c0.5-s2,5,5,2,0.5,2,MOACO,0,0.22735066000018378,0.09197119297022296,0.9879567342282125,False,20.0
5x5-K2-c0.5-s2,5,5,2,0.5,2,MOACO,1,0.23406189799993626,0.09197119297022296,0.9942278797723094,False,21.0
5x5-K2-c0.5-s2,5,5,2,0.5,2,MOACO,2,0.2315125289999287,0.09197119297022296,0.995265707613947,False,21.0
5x5-K2-c0.5-s2,5,5,2,0.5,2,MOACO+LS,0,0.29204137100009575,0.09197119297022296,0.9979334071786999,False,21.0
5x5-K2-c0.5-s2,5,5,2,0.5,2,MOACO+LS,1,0.2544455279999056,0.09197119297022296,0.9967606775717425,False,23.0
5x5-K2-c0.5-s2,5,5,2,0.5,2,MOACO+LS,2,0.2739923390001877,0.09197119297022296,0.9995472118436414,False,23.0
5x5-K2-c0.5-s2,5,5,2,0.5,2,MOACO+LS (FP-seeded),0,0.25623120400018706,0.09197119297022296,0.9985385839280528,False,21.0
5x5-K2-c0.5-s2,5,5,2,0.5,2,MOACO+LS (FP-seeded),1,0.24804479900012666,0.09197119297022296,0.9972500247927247,False,22.0
5x5-K2-c0.5-s2,5,5,2,0.5,2,MOACO+LS (FP-seeded),2,0.23916376500005754,0.09197119297022296,0.9992218479999032,False,22.0
5x5-K2-c0.5-s2,5,5,2,0.5,2,Exact LP (weighted sums),0,0.21899446899988106,0.09197119297022296,0.987328675527085,False,11.0
5x5-K2-c0.5-s3,5,5,2,0.5,3,FP-geometric,0,0.00037003300008109363,0.04014034006143631,0.0,False,
5x5-K2-c0.5-s3,5,5,2,0.5,3,FP-arithmetic,0,0.0002740269999321754,0.026087905694467797,0.0,False,
5x5-K2-c0.5-s3,5,5,2,0.5,3,FP-harmonic,0,0.00023326599989559327,0.04022539545285925,0.0,False,
5x5-K2-c0.5-s3,5,5,2,0.5,3,FP-minimum,0,0.00021713699993597402,0.04014034006143631,0.0,False,
5x5-K2-c0.5-s3,5,5,2,0.5,3,FP-arithmetic-norm,0,0.0002446339999551128,0.026087905694467797,0.0,False,
5x5-K2-c0.5-s3,5,5,2,0.5,3,FP-harmonic-norm,0,0.00022458000012193224,0.04022539545285925,0.0,False,
5x5-K2-c0.5-s3,5,5,2,0.5,3,FP-minimum-norm,0,0.0002464000001509703,0.04014034006143631,0.0,False,
5x5-K2-c0.5-s3,5,5,2,0.5,3,VAM-arithmetic-norm,0,0.0004508690001330251,0.02689172851664145,0.0,False,
5x5-K2-c0.5-s3,5,5,2,0.5,3,MOACO,0,0.21442663500010894,0.0043221589711153275,1.0,False,4.0
5x5-K2-c0.5-s3,5,5,2,0.5,3,MOACO,1,0.20770409700003256,0.0043221589711153275,1.0,False,4.0
5x5-K2-c0.5-s3,5,5,2,0.5,3,MOACO,2,0.19758353599991096,0.0043221589711153275,1.0,False,4.0
5x5-K2-c0.5-s3,5,5,2,0.5,3,MOACO+LS,0,0.2237416939999548,0.0043221589711153275,1.0,False,4.0
5x5-K2-c0.5-s3,5,5,2,0.5,3,MOACO+LS,1,0.24229830800004493,0.0043221589711153275,1.0,False,4.0
5x5-K2-c0.5-s3,5,5,2,0.5,3,MOACO+LS,2,0.24931402600009278,0.0043221589711153275,1.0,False,4.0
5x5-K2-c0.5-s3,5,5,2,0.5,3,MOACO+LS (FP-seeded),0,0.24191173000008348,0.0043221589711153275,1.0,False,4.0
5x5-K2-c0.5-s3,5,5,2,0.5,3,MOACO+LS (FP-seeded),1,0.23781022100001792,0.0043221589711153275,1.0,False,4.0
5x5-K2-c0.5-s3,5,5,2,0.5,3,MOACO+LS (FP-seeded),2,0.29156055199996445,0.0043221589711153275,1.0,False,4.0
5x5-K2-c0.5-s3,5,5,2,0.5,3,Exact LP (weighted sums),0,0.2712974140001734,0.0043221589711153275,1.0,False,4.0
5x5-K2-c0.5-s4,5,5,2,0.5,4,FP-geometric,0,0.00037090199998601747,0.0962196082037648,0.21579220163892804,False,
5x5-K2-c0.5-s4,5,5,2,0.5,4,FP-arithmetic,0,0.00032608900005470787,0.06344338567254595,0.19389760365693787,False,
5x5-K2-c0.5-s4,5,5,2,0.5,4,FP-harmonic,0,0.00023643800000172632,0.08195458296881174,0.0,False,
5x5-K2-c0.5-s4,5,5,2,0.5,4,FP-minimum,0,0.00019783900006586919,0.08015289517391871,0.0,False,
5x5-K2-c0.5-s4,5,5,2,0.5,4,FP-arithmetic-norm,0,0.00021711799990953295,0.06344338567254595,0.19389760365693787,False,
5x5-K2-c0.5-s4,5,5,2,0.5,4,FP-harmonic-norm,0,0.00021261400002003938,0.08195458296881174,0.0,False,
5x5-K2-c0.5-s4,5,5,2,0.5,4,FP-minimum-norm,0,0.0002592860000731889,0.08015289517391871,0.0,False,
5x5-K2-c0.5-s4,5,5,2,0.5,4,VAM-arithmetic-norm,0,0.00042662599980758387,0.06164169787765293,0.15976225447426226,False,
5x5-K2-c0.5-s4,5,5,2,0.5,4,MOACO,0,0.22404142599998522,0.06164169787765293,0.9589440345297585,False,25.0
5x5-K2-c0.5-s4,5,5,2,0.5,4,MOACO,1,0.27494013300020015,0.06164169787765293,0.9740674573186829,False,29.0
5x5-K2-c0.5-s4,5,5,2,0.5,4,MOACO,2,0.27032928099993114,0.06164169787765293,0.9811720994115546,False,28.0
5x5-K2-c0.5-s4,5,5,2,0.5,4,MOACO+LS,0,0.25628343299990775,0.06164169787765293,0.9779971750361564,False,27.0
5x5-K2-c0.5-s4,5,5,2,0.5,4,MOACO+LS,1,0.254688797999961,0.06164169787765293,0.9918590146676115,False,28.0
5x5-K2-c0.5-s4,5,5,2,0.5,4,MOACO+LS,2,0.2082507220000025,0.06164169787765293,0.9775706568936503,False,28.0
5x5-K2-c0.5-s4,5,5,2,0.5,4,MOACO+LS (FP-seeded),0,0.21006917700015038,0.06164169787765293,0.9832591629066275,False,26.0
5x5-K2-c0.5-s4,5,5,2,0.5,4,MOACO+LS (FP-seeded),1,0.23881581599994206,0.06164169787765293,0.9798018899106753,False,26.0
5x5-K2-c0.5-s4,5,5,2,0.5,4,MOACO+LS (FP-seeded),2,0.22176980399990498,0.06164169787765293,0.973380954802795,False,29.0
5x5-K2-c0.5-s4,5,5,2,0.5,4,Exact LP (weighted sums),0,0.30543842199995197,0.06164169787765293,0.891180365596735,False,6.0
5x5-K3-c0.0-s0,5,5,3,0.0,0,FP-geometric,0,0.00043814199989355984,0.7689894220101453,0.015114352377810506,False,
5x5-K3-c0.0-s0,5,5,3,0.0,0,FP-arithmetic,0,0.00023464299988518178,0.5970798390990224,0.357867328616611,False,
5x5-K3-c0.0-s0,5,5,3,0.0,0,FP-harmonic,0,0.0002224980000846699,0.7567900883585578,0.0,False,
5x5-K3-c0.0-s0,5,5,3,0.0,0,FP-minimum,0,0.0002503880000404024,0.5528704538594341,0.31126488427515675,False,
5x5-K3-c0.0-s0,5,5,3,0.0,0,FP-arithmetic-norm,0,0.00023218499995891762,0.5970798390990224,0.357867328616611,False,
5x5-K3-c0.0-s0,5,5,3,0.0,0,FP-harmonic-norm,0,0.0002269900001010683,0.7692150846291,0.0,False,
5x5-K3-c0.0-s0,5,5,3,0.0,0,FP-minimum-norm,0,0.00020523500006675022,0.557606950545111,0.33585176136995964,False,
5x5-K3-c0.0-s0,5,5,3,0.0,0,VAM-arithmetic-norm,0,0.00048553300007370126,0.5989359312522361,0.3475880236568105,False,
5x5-K3-c0.0-s0,5,5,3,0.0,0,MOACO,0,0.3966986170000837,0.4978390530159172,0.9839245513174865,False,149.0
5x5-K3-c0.0-s0,5,5,3,0.0,0,MOACO,1,0.3534376489999431,0.4883363688167186,0.9794737098720482,False,129.0
5x5-K3-c0.0-s0,5,5,3,0.0,0,MOACO,2,0.30251579999981004,0.4978390530159172,0.9725121119652905,False,126.0
5x5-K3-c0.0-s0,5,5,3,0.0,0,MOACO+LS,0,0.3513939429999482,0.4883363688167186,0.9825061664589608,False,141.0
5x5-K3-c0.0-s0,5,5,3,0.0,0,MOACO+LS,1,0.3129097650000858,0.4883363688167186,0.9823146802008845,False,129.0
5x5-K3-c0.0-s0,5,5,3,0.0,0,MOACO+LS,2,0.3470872830000644,0.49949258019016707,0.9775490135745758,False,132.0
5x5-K3-c0.0-s0,5,5,3,0.0,0,MOACO+LS (FP-seeded),0,0.4560549299999366,0.4883363688167186,0.9847180824232057,False,135.0
5x5-K3-c0.0-s0,5,5,3,0.0,0,MOACO+LS (FP-seeded),1,0.41774519700015844,0.4883363688167186,0.9798143353098105,False,131.0
5x5-K3-c0.0-s0,5,5,3,0.0,0,MOACO+LS (FP-seeded),2,0.40091576199984047,0.4883363688167186,0.9841441370200834,False,141.0
5x5-K3-c0.0-s0,5,5,3,0.0,0,Exact LP (weighted sums),0,0.4342991930000153,0.4883363688167186,0.9178765361770403,False,22.0
5x5-K3-c0.0-s1,5,5,3,0.0,1,FP-geometric,0,0.0003799450000769866,0.22530393640845392,0.27715335596714447,False,
5x5-K3-c0.0-s1,5,5,3,0.0,1,FP-arithmetic,0,0.00024671300002410135,0.2601838209246554,0.26741463803625287,False,
5x5-K3-c0.0-s1,5,5,3,0.0,1,FP-harmonic,0,0.00021976399989398487,0.37650647802740167,0.3436719696602034,False,
5x5-K3-c0.0-s1,5,5,3,0.0,1,FP-minimum,0,0.00024628499977552565,0.30451425296951457,0.3099630397029497,False,
5x5-K3-c0.0-s1,5,5,3,0.0,1,FP-arithmetic-norm,0,0.00022375399998963985,0.2601838209246554,0.26741463803625287,False,
5x5-K3-c0.0-s1,5,5,3,0.0,1,FP-harmonic-norm,0,0.00023172800001702853,0.37650647802740167,0.3436719696602034,False,
5x5-K3-c0.0-s1,5,5,3,0.0,1,FP-minimum-norm,0,0.0002084600000671344,0.37650647802740167,0.3436719696602034,False,
5x5-K3-c0.0-s1,5,5,3,0.0,1,VAM-arithmetic-norm,0,0.00047635900000386755,0.2213176597245549,0.24362937716364214,False,
5x5-K3-c0.0-s1,5,5,3,0.0,1,MOACO,0,0.4783998899999915,0.21134846714196728,0.9689639012767917,False,164.0
5x5-K3-c0.0-s1,5,5,3,0.0,1,MOACO,1,0.5234414379999635,0.21134846714196728,0.964676219862682,False,172.0
5x5-K3-c0.0-s1,5,5,3,0.0,1,MOACO,2,0.4065300740001021,0.21134846714196728,0.9746831658484844,False,172.0
5x5-K3-c0.0-s1,5,5,3,0.0,1,MOACO+LS,0,0.3891974890000256,0.21134846714196728,0.9709342894654865,False,148.0
5x5-K3-c0.0-s1,5,5,3,0.0,1,MOACO+LS,1,0.4320213870000771,0.21134846714196728,0.9737496262782231,False,149.0
5x5-K3-c0.0-s1,5,5,3,0.0,1,MOACO+LS,2,0.4804585080000834,0.21134846714196728,0.9741188821022967,False,156.0
5x5-K3-c0.0-s1,5,5,3,0.0,1,MOACO+LS (FP-seeded),0,0.4936767429999236,0.21134846714196728,0.9668172701052765,False,151.0
5x5-K3-c0.0-s1,5,5,3,0.0,1,MOACO+LS (FP-seeded),1,0.48855577800009087,0.21134846714196728,0.9701339639928015,False,153.0
5x5-K3-c0.0-s1,5,5,3,0.0,1,MOACO+LS (FP-seeded),2,0.4202555500000926,0.21134846714196728,0.9604855023002526,False,152.0
5x5-K3-c0.0-s1,5,5,3,0.0,1,Exact LP (weighted sums),0,0.41989097700002276,0.21134846714196728,0.8334389893310666,False,22.0
5x5-K3-c0.0-s2,5,5,3,0.0,2,FP-geometric,0,0.00036172399995848536,0.3491210865862924,0.2408585937906331,False,
5x5-K3-c0.0-s2,5,5,3,0.0,2,FP-arithmetic,0,0.00022717499996360857,0.3491210865862924,0.2408585937906331,False,
5x5-K3-c0.0-s2,5,5,3,0.0,2,FP-harmonic,0,0.00021950700011075241,0.37942055981115624,0.0,False,
5x5-K3-c0.0-s2,5,5,3,0.0,2,FP-minimum,0,0.00027851100003317697,0.37942055981115624,0.0,False,
5x5-K3-c0.0-s2,5,5,3,0.0,2,FP-arithmetic-norm,0,0.00022590799994759436,0.3491210865862924,0.2408585937906331,False,
5x5-K3-c0.0-s2,5,5,3,0.0,2,FP-harmonic-norm,0,0.0002096630000778532,0.37942055981115624,0.0,False,
5x5-K3-c0.0-s2,5,5,3,0.0,2,FP-minimum-norm,0,0.00019824200012408255,0.37942055981115624,0.0,False,
5x5-K3-c0.0-s2,5,5,3,0.0,2,VAM-arithmetic-norm,0,0.0005244530000254599,0.3491210865862924,0.2408585937906331,False,
5x5-K3-c0.0-s2,5,5,3,0.0,2,MOACO,0,0.5163438120000592,0.3355466222951791,0.9428909951279202,False,200.0
5x5-K3-c0.0-s2,5,5,3,0.0,2,MOACO,1,0.49010252300013235,0.3355466222951791,0.9590987207215174,False,198.0
5x5-K3-c0.0-s2,5,5,3,0.0,2,MOACO,2,0.47744826600001034,0.3355466222951791,0.9498951758011508,False,191.0
5x5-K3-c0.0-s2,5,5,3,0.0,2,MOACO+LS,0,0.5872162959999514,0.3355466222951791,0.9403978313827772,False,205.0
5x5-K3-c0.0-s2,5,5,3,0.0,2,MOACO+LS,1,0.6040253710000343,0.3355466222951791,0.9544996410560832,False,202.0
5x5-K3-c0.0-s2,5,5,3,0.0,2,MOACO+LS,2,0.5325765809998302,0.3355466222951791,0.956118045363817,False,178.0
5x5-K3-c0.0-s2,5,5,3,0.0,2,MOACO+LS (FP-seeded),0,0.5804088029999548,0.3355466222951791,0.9282119432347788,False,198.0
5x5-K3-c0.0-s2,5,5,3,0.0,2,MOACO+LS (FP-seeded),1,0.535068603000127,0.3355466222951791,0.9487958966645208,False,201.0
5x5-K3-c0.0-s2,5,5,3,0.0,2,MOACO+LS (FP-seeded),2,0.5500807070000064,0.3355466222951791,0.9588512857671377,False,181.0
5x5-K3-c0.0-s2,5,5,3,0.0,2,Exact LP (weighted sums),0,0.5587151979998453,0.3355466222951791,0.6630981304425111,False,31.0
5x5-K3-c0.0-s3,5,5,3,0.0,3,FP-geometric,0,0.0003718840000601631,0.6859668467211143,0.2925360548309471,False,
5x5-K3-c0.0-s3,5,5,3,0.0,3,FP-arithmetic,0,0.00023874099997556186,0.4985026750595252,0.4735440754247197,False,
5x5-K3-c0.0-s3,5,5,3,0.0,3,FP-harmonic,0,0.00027266400002190494,0.5889260336289474,0.33911329104192567,False,
5x5-K3-c0.0-s3,5,5,3,0.0,3,FP-minimum,0,0.0002151529999991908,0.5889260336289474,0.33911329104192567,False,
5x5-K3-c0.0-s3,5,5,3,0.0,3,FP-arithmetic-norm,0,0.00023604399984833435,0.5074806742226118,0.49724808758743916,False,
5x5-K3-c0.0-s3,5,5,3,0.0,3,FP-harmonic-norm,0,0.00022233499998947082,0.5889260336289474,0.33911329104192567,False,
5x5-K3-c0.0-s3,5,5,3,0.0,3,FP-minimum-norm,0,0.00023400100008075242,0.5889260336289474,0.33911329104192567,False,
5x5-K3-c0.0-s3,5,5,3,0.0,3,VAM-arithmetic-norm,0,0.00043778400004157447,0.4985026750595252,0.4735440754247197,False,
5x5-K3-c0.0-s3,5,5,3,0.0,3,MOACO,0,0.40600815699986015,0.469731184910757,0.9687685212704197,False,130.0
5x5-K3-c0.0-s3,5,5,3,0.0,3,MOACO,1,0.357592853000142,0.469731184910757,0.9707036010358887,False,135.0
5x5-K3-c0.0-s3,5,5,3,0.0,3,MOACO,2,0.34029543700012255,0.469731184910757,0.963600695028056,False,129.0
5x5-K3-c0.0-s3,5,5,3,0.0,3,MOACO+LS,0,0.37440222100008214,0.469731184910757,0.9760605458550441,False,128.0
5x5-K3-c0.0-s3,5,5,3,0.0,3,MOACO+LS,1,0.3822181289999662,0.469731184910757,0.9840640729137746,False,131.0
5x5-K3-c0.0-s3,5,5,3,0.0,3,MOACO+LS,2,0.37766332299997885,0.469731184910757,0.9864153558823521,False,128.0
5x5-K3-c0.0-s3,5,5,3,0.0,3,MOACO+LS (FP-seeded),0,0.39181545899987213,0.469731184910757,0.9774496397841724,False,130.0
5x5-K3-c0.0-s3,5,5,3,0.0,3,MOACO+LS (FP-seeded),1,0.3665896850000081,0.469731184910757,0.9813950496735884,False,128.0
5x5-K3-c0.0-s3,5,5,3,0.0,3,MOACO+LS (FP-seeded),2,0.38784138599999096,0.469731184910757,0.9841455115890717,False,117.0
5x5-K3-c0.0-s3,5,5,3,0.0,3,Exact LP (weighted sums),0,0.3979463069999838,0.469731184910757,0.9334742671209192,False,33.0
5x5-K3-c0.0-s4,5,5,3,0.0,4,FP-geometric,0,0.00042313300014029664,0.8424925410550882,0.0005352254542960801,False,
5x5-K3-c0.0-s4,5,5,3,0.0,4,FP-arithmetic,0,0.00024588099995526136,0.556688541275459,0.43677111977058203,False,
5x5-K3-c0.0-s4,5,5,3,0.0,4,FP-harmonic,0,0.00022845200010124245,0.8424925410550882,0.0005352254542960801,False,
5x5-K3-c0.0-s4,5,5,3,0.0,4,FP-minimum,0,0.00020583599985002365,0.8144496954670646,0.037401013060992555,False,
5x5-K3-c0.0-s4,5,5,3,0.0,4,FP-arithmetic-norm,0,0.00031160000003183086,0.556688541275459,0.43677111977058203,False,
5x5-K3-c0.0-s4,5,5,3,0.0,4,FP-harmonic-norm,0,0.0002262199998313008,0.8424925410550882,0.0005352254542960801,False,
5x5-K3-c0.0-s4,5,5,3,0.0,4,FP-minimum-norm,0,0.0002104459999827668,0.8144496954670646,0.037401013060992555,False,
5x5-K3-c0.0-s4,5,5,3,0.0,4,VAM-arithmetic-norm,0,0.0004340030000093975,0.5765642008683606,0.4629956059777214,False,
5x5-K3-c0.0-s4,5,5,3,0.0,4,MOACO,0,0.3423145020001357,0.556688541275459,0.9732552895420588,False,125.0
5x5-K3-c0.0-s4,5,5,3,0.0,4,MOACO,1,0.33412463500008016,0.5614671056627821,0.9671207048181758,False,118.0
5x5-K3-c0.0-s4,5,5,3,0.0,4,MOACO,2,0.37114899499988496,0.556688541275459,0.9807895719576584,False,129.0
5x5-K3-c0.0-s4,5,5,3,0.0,4,MOACO+LS,0,0.3860846869999932,0.556688541275459,0.9706322094885736,False,120.0
5x5-K3-c0.0-s4,5,5,3,0.0,4,MOACO+LS,1,0.373066407999886,0.556688541275459,0.9652517581538542,False,107.0
5x5-K3-c0.0-s4,5,5,3,0.0,4,MOACO+LS,2,0.4068951819999711,0.5614671056627821,0.9875957885840694,False,126.0
5x5-K3-c0.0-s4,5,5,3,0.0,4,MOACO+LS (FP-seeded),0,0.38533429099993555,0.556688541275459,0.9738257911895974,False,123.0
5x5-K3-c0.0-s4,5,5,3,0.0,4,MOACO+LS (FP-seeded),1,0.33043752499997936,0.556688541275459,0.9681806244239126,False,116.0
5x5-K3-c0.0-s4,5,5,3,0.0,4,MOACO+LS (FP-seeded),2,0.38872583300008046,0.556688541275459,0.9793789826452949,False,122.0
5x5-K3-c0.0-s4,5,5,3,0.0,4,Exact LP (weighted sums),0,0.5217555379999794,0.556688541275459,0.8358929764093861,False,25.0
5x5-K3-c0.5-s0,5,5,3,0.5,0,FP-geometric,0,0.00035941600003752683,0.1448695846800276,0.11767122474810843,False,
5x5-K3-c0.5-s0,5,5,3,0.5,0,FP-arithmetic,0,0.0002895139998599916,0.11762717448699621,0.21713698309319943,False,
5x5-K3-c0.5-s0,5,5,3,0.5,0,FP-harmonic,0,0.0002860670001609833,0.1448695846800276,0.11767122474810843,False,
5x5-K3-c0.5-s0,5,5,3,0.5,0,FP-minimum,0,0.0002130950001628662,0.16725269059144166,0.15267810531162848,False,
5x5-K3-c0.5-s0,5,5,3,0.5,0,FP-arithmetic-norm,0,0.00022568400004274736,0.11762717448699621,0.21713698309319943,False,
5x5-K3-c0.5-s0,5,5,3,0.5,0,FP-harmonic-norm,0,0.00022191700008988846,0.1448695846800276,0.11767122474810843,False,
5x5-K3-c0.5-s0,5,5,3,0.5,0,FP-minimum-norm,0,0.0002609589998883166,0.16725269059144166,0.15267810531162848,False,
5x5-K3-c0.5-s0,5,5,3,0.5,0,VAM-arithmetic-norm,0,0.0004375989999516605,0.04374496687652588,0.8471838707960215,False,
5x5-K3-c0.5-s0,5,5,3,0.5,0,MOACO,0,0.2528536139998323,0.042512048094417186,0.9996472374844856,False,27.0
5x5-K3-c0.5-s0,5,5,3,0.5,0,MOACO,1,0.24026112699993973,0.042512048094417186,0.9999935779325934,False,28.0
5x5-K3-c0.5-s0,5,5,3,0.5,0,MOACO,2,0.2524671109999872,0.042512048094417186,0.9999935779325934,False,28.0
5x5-K3-c0.5-s0,5,5,3,0.5,0,MOACO+LS,0,0.2700233370001115,0.042512048094417186,0.999040763439824,False,26.0
5x5-K3-c0.5-s0,5,5,3,0.5,0,MOACO+LS,1,0.2704212760002065,0.042512048094417186,0.9991259782369939,False,27.0
5x5-K3-c0.5-s0,5,5,3,0.5,0,MOACO+LS,2,0.28370583899982194,0.042512048094417186,0.9995946756895742,False,26.0
5x5-K3-c0.5-s0,5,5,3,0.5,0,MOACO+LS (FP-seeded),0,0.2326096320000488,0.042512048094417186,0.9988480625128026,False,24.0
5x5-K3-c0.5-s0,5,5,3,0.5,0,MOACO+LS (FP-seeded),1,0.24395401400010996,0.042512048094417186,0.9999410161376819,False,27.0
5x5-K3-c0.5-s0,5,5,3,0.5,0,MOACO+LS (FP-seeded),2,0.2770597139999609,0.042512048094417186,0.9999410161376819,False,27.0
5x5-K3-c0.5-s0,5,5,3,0.5,0,Exact LP (weighted sums),0,0.42875922999996874,0.042512048094417186,0.9890962914500697,False,15.0
5x5-K3-c0.5-s1,5,5,3,0.5,1,FP-geometric,0,0.00039579999997840787,0.04289912907623558,0.09084873945561299,False,
5x5-K3-c0.5-s1,5,5,3,0.5,1,FP-arithmetic,0,0.00023847500006013433,0.080517591712832,0.0,False,
5x5-K3-c0.5-s1,5,5,3,0.5,1,FP-harmonic,0,0.0002413259999229922,0.1508073134225084,0.21396300540889118,False,
5x5-K3-c0.5-s1,5,5,3,0.5,1,FP-minimum,0,0.00020758400000886468,0.34049192523505106,0.0,False,
5x5-K3-c0.5-s1,5,5,3,0.5,1,FP-arithmetic-norm,0,0.00025157200002468016,0.080517591712832,0.0,False,
5x5-K3-c0.5-s1,5,5,3,0.5,1,FP-harmonic-norm,0,0.00022832500008007628,0.1508073134225084,0.21396300540889118,False,
5x5-K3-c0.5-s1,5,5,3,0.5,1,FP-minimum-norm,0,0.00029784000003019173,0.34049192523505106,0.0,False,
5x5-K3-c0.5-s1,5,5,3,0.5,1,VAM-arithmetic-norm,0,0.000558017999992444,0.028973604262638272,0.14387716039353293,False,
5x5-K3-c0.5-s1,5,5,3,0.5,1,MOACO,0,0.23167000700004792,0.023599382235450068,0.9838805660252249,False,12.0
5x5-K3-c0.5-s1,5,5,3,0.5,1,MOACO,1,0.2351678320001156,0.023599382235450068,0.9956529824130173,False,14.0
5x5-K3-c0.5-s1,5,5,3,0.5,1,MOACO,2,0.22543903799987675,0.023599382235450068,0.9911791543098586,False,13.0
5x5-K3-c0.5-s1,5,5,3,0.5,1,MOACO+LS,0,0.26064704500004154,0.023599382235450068,0.9911791543098586,False,13.0
5x5-K3-c0.5-s1,5,5,3,0.5,1,MOACO+LS,1,0.2889736689999154,0.023599382235450068,0.9956529824130173,False,14.0
5x5-K3-c0.5-s1,5,5,3,0.5,1,MOACO+LS,2,0.2583710050000718,0.023599382235450068,0.9957049974706297,False,15.0
5x5-K3-c0.5-s1,5,5,3,0.5,1,MOACO+LS (FP-seeded),0,0.2527125519998208,0.023599382235450068,0.9931669551010757,False,13.0
5x5-K3-c0.5-s1,5,5,3,0.5,1,MOACO+LS (FP-seeded),1,0.25443337899992,0.023599382235450068,0.9956529824130173,False,14.0
5x5-K3-c0.5-s1,5,5,3,0.5,1,MOACO+LS (FP-seeded),2,0.2567741699999715,0.023599382235450068,0.9876533474609879,False,13.0
5x5-K3-c0.5-s1,5,5,3,0.5,1,Exact LP (weighted sums),0,0.41542548600000373,0.023599382235450068,0.927800940857094,False,6.0
5x5-K3-c0.5-s2,5,5,3,0.5,2,FP-geometric,0,0.00033571600010873226,0.08512209120755095,0.1691877675737128,False,
5x5-K3-c0.5-s2,5,5,3,0.5,2,FP-arithmetic,0,0.0001934080000864924,0.08512209120755095,0.1691877675737128,False,
5x5-K3-c0.5-s2,5,5,3,0.5,2,FP-harmonic,0,0.00020523700004559942,0.0480140154793317,0.5654194269825857,False,
5x5-K3-c0.5-s2,5,5,3,0.5,2,FP-minimum,0,0.00020119900000281632,0.05622792527118863,0.4236451056589233,False,
5x5-K3-c0.5-s2,5,5,3,0.5,2,FP-arithmetic-norm,0,0.000226815000132774,0.08512209120755095,0.1691877675737128,False,
5x5-K3-c0.5-s2,5,5,3,0.5,2,FP-harmonic-norm,0,0.00018716300019150367,0.0480140154793317,0.5654194269825857,False,
5x5-K3-c0.5-s2,5,5,3,0.5,2,FP-minimum-norm,0,0.00017425700002604572,0.05622792527118863,0.4236451056589233,False,
5x5-K3-c0.5-s2,5,5,3,0.5,2,VAM-arithmetic-norm,0,0.0005744340001001547,0.04291293478023795,0.6709277983358131,False,
5x5-K3-c0.5-s2,5,5,3,0.5,2,MOACO,0,0.19746101399982763,0.04291293478023795,0.994603421564868,False,27.0
5x5-K3-c0.5-s2,5,5,3,0.5,2,MOACO,1,0.18837186900009328,0.04291293478023795,0.9888663503151417,False,29.0
5x5-K3-c0.5-s2,5,5,3,0.5,2,MOACO,2,0.20419953800001167,0.04291293478023795,0.9742010909578769,False,27.0
5x5-K3-c0.5-s2,5,5,3,0.5,2,MOACO+LS,0,0.26990259800004424,0.04291293478023795,0.9999676500648097,False,28.0
5x5-K3-c0.5-s2,5,5,3,0.5,2,MOACO+LS,1,0.27400444800014156,0.04291293478023795,0.9796622332781806,False,28.0
5x5-K3-c0.5-s2,5,5,3,0.5,2,MOACO+LS,2,0.23491113599993696,0.04291293478023795,0.9868777317709728,False,26.0
5x5-K3-c0.5-s2,5,5,3,0.5,2,MOACO+LS (FP-seeded),0,0.23501877999979115,0.04291293478023795,0.9961198528293271,False,27.0
5x5-K3-c0.5-s2,5,5,3,0.5,2,MOACO+LS (FP-seeded),1,0.2142826970000442,0.04291293478023795,0.9906688358226541,False,27.0
5x5-K3-c0.5-s2,5,5,3,0.5,2,MOACO+LS (FP-seeded),2,0.3006556999998793,0.04291293478023795,0.9878074405152272,False,26.0
5x5-K3-c0.5-s2,5,5,3,0.5,2,Exact LP (weighted sums),0,0.5694798909999008,0.04291293478023795,0.9727131515015189,False,13.0
5x5-K3-c0.5-s3,5,5,3,0.5,3,FP-geometric,0,0.0004746550000618299,0.3640056991535334,0.0,False,
5x5-K3-c0.5-s3,5,5,3,0.5,3,FP-arithmetic,0,0.0004288659999929223,0.3640056991535334,0.0,False,
5x5-K3-c0.5-s3,5,5,3,0.5,3,FP-harmonic,0,0.000363023999852885,0.3640056991535334,0.0,False,
5x5-K3-c0.5-s3,5,5,3,0.5,3,FP-minimum,0,0.0003394600000774517,0.22730396191274918,0.15197324134555146,False,
5x5-K3-c0.5-s3,5,5,3,0.5,3,FP-arithmetic-norm,0,0.0004057860001012159,0.35161327966352607,0.0,False,
5x5-K3-c0.5-s3,5,5,3,0.5,3,FP-harmonic-norm,0,0.00034658200002013473,0.36054519922486633,0.0,False,
5x5-K3-c0.5-s3,5,5,3,0.5,3,FP-minimum-norm,0,0.0004053499999372434,0.22730396191274918,0.15197324134555146,False,
5x5-K3-c0.5-s3,5,5,3,0.5,3,VAM-arithmetic-norm,0,0.0007537190001585259,0.1506303955844355,0.5252425440478964,False,
5x5-K3-c0.5-s3,5,5,3,0.5,3,MOACO,0,0.3214337249999062,0.1462132479247608,0.9705148243126782,False,82.0
5x5-K3-c0.5-s3,5,5,3,0.5,3,MOACO,1,0.27846507200001724,0.1462132479247608,0.9724075799474159,False,81.0
5x5-K3-c0.5-s3,5,5,3,0.5,3,MOACO,2,0.23832898799992108,0.1462132479247608,0.9642677509587279,False,75.0
5x5-K3-c0.5-s3,5,5,3,0.5,3,MOACO+LS,0,0.29785601399998995,0.1462132479247608,0.9763873607947304,False,79.0
5x5-K3-c0.5-s3,5,5,3,0.5,3,MOACO+LS,1,0.2918959769999674,0.1462132479247608,0.9844518707055308,False,71.0
5x5-K3-c0.5-s3,5,5,3,0.5,3,MOACO+LS,2,0.30792435700004717,0.1462132479247608,0.9830628487348183,False,78.0
5x5-K3-c0.5-s3,5,5,3,0.5,3,MOACO+LS (FP-seeded),0,0.28339178499982154,0.1462132479247608,0.9796679017203451,False,82.0
5x5-K3-c0.5-s3,5,5,3,0.5,3,MOACO+LS (FP-seeded),1,0.34632340300004216,0.1462132479247608,0.988711448144217,False,77.0
5x5-K3-c0.5-s3,5,5,3,0.5,3,MOACO+LS (FP-seeded),2,0.32965688600006615,0.1462132479247608,0.9846189021037648,False,70.0
5x5-K3-c0.5-s3,5,5,3,0.5,3,Exact LP (weighted sums),0,0.48353281000004245,0.1462132479247608,0.9539750572198137,False,28.0
5x5-K3-c0.5-s4,5,5,3,0.5,4,FP-geometric,0,0.0002823120000812196,0.10958736450345441,0.19179393548049495,False,
5x5-K3-c0.5-s4,5,5,3,0.5,4,FP-arithmetic,0,0.00019017999989046075,0.11299047866906309,0.19258897579737227,False,
5x5-K3-c0.5-s4,5,5,3,0.5,4,FP-harmonic,0,0.0001834089998737909,0.10958736450345441,0.19179393548049495,False,
5x5-K3-c0.5-s4,5,5,3,0.5,4,FP-minimum,0,0.00022260799983087054,0.13072575175908907,0.22214047060427483,False,
5x5-K3-c0.5-s4,5,5,3,0.5,4,FP-arithmetic-norm,0,0.00018807700007528183,0.11299047866906309,0.19258897579737227,False,
5x5-K3-c0.5-s4,5,5,3,0.5,4,FP-harmonic-norm,0,0.00018176399998992565,0.13072575175908907,0.22214047060427483,False,
5x5-K3-c0.5-s4,5,5,3,0.5,4,FP-minimum-norm,0,0.00017204400000991882,0.13072575175908907,0.22214047060427483,False,
5x5-K3-c0.5-s4,5,5,3,0.5,4,VAM-arithmetic-norm,0,0.00044272700006331434,0.10958736450345441,0.19179393548049495,False,
5x5-K3-c0.5-s4,5,5,3,0.5,4,MOACO,0,0.20199910299993462,0.08797877449496876,0.9330324456863714,False,38.0
5x5-K3-c0.5-s4,5,5,3,0.5,4,MOACO,1,0.1935239829999773,0.08797877449496876,0.890588626906911,False,36.0
5x5-K3-c0.5-s4,5,5,3,0.5,4,MOACO,2,0.23164978099998734,0.08797877449496876,0.9312623182165758,False,31.0
5x5-K3-c0.5-s4,5,5,3,0.5,4,MOACO+LS,0,0.2920350999997936,0.08797877449496876,0.9919579368028673,False,35.0
5x5-K3-c0.5-s4,5,5,3,0.5,4,MOACO+LS,1,0.3043063399998118,0.08797877449496876,0.9471471933462803,False,34.0
5x5-K3-c0.5-s4,5,5,3,0.5,4,MOACO+LS,2,0.2776293800000076,0.08797877449496876,0.9557227750720941,False,38.0
5x5-K3-c0.5-s4,5,5,3,0.5,4,MOACO+LS (FP-seeded),0,0.29079020600011063,0.08797877449496876,0.9888893065606748,False,37.0
5x5-K3-c0.5-s4,5,5,3,0.5,4,MOACO+LS (FP-seeded),1,0.28644170999996277,0.08797877449496876,0.979350285108219,False,40.0
5x5-K3-c0.5-s4,5,5,3,0.5,4,MOACO+LS (FP-seeded),2,0.29688631900012297,0.08797877449496876,0.976574258753093,False,31.0
5x5-K3-c0.5-s4,5,5,3,0.5,4,Exact LP (weighted sums),0,0.5701475240000491,0.08797877449496876,0.9591070529922088,False,16.0
10x10-K2-c0.0-s0,10,10,2,0.0,0,FP-geometric,0,0.0006245580000268092,0.3306681698449039,0.136041394667469,False,
10x10-K2-c0.0-s0,10,10,2,0.0,0,FP-arithmetic,0,0.0005097680000289984,0.22000050370445207,0.4277122880405373,False,
10x10-K2-c0.0-s0,10,10,2,0.0,0,FP-harmonic,0,0.0005265199999939796,0.3400843450042587,0.08358501558672773,False,
10x10-K2-c0.0-s0,10,10,2,0.0,0,FP-minimum,0,0.0004638809998596116,0.23246188215738045,0.28925331108750996,False,
10x10-K2-c0.0-s0,10,10,2,0.0,0,FP-arithmetic-norm,0,0.0004770929999722284,0.22000050370445207,0.4277122880405373,False,
10x10-K2-c0.0-s0,10,10,2,0.0,0,FP-harmonic-norm,0,0.00045661600006496883,0.3400843450042587,0.08358501558672773,False,
10x10-K2-c0.0-s0,10,10,2,0.0,0,FP-minimum-norm,0,0.00047833999997237697,0.23246188215738045,0.28925331108750996,False,
10x10-K2-c0.0-s0,10,10,2,0.0,0,VAM-arithmetic-norm,0,0.001301423000086288,0.28231832210546115,0.24591703989986247,False,
10x10-K2-c0.0-s0,10,10,2,0.0,0,MOACO,0,0.5115698200002043,0.18746587322386413,0.8938334609700231,False,26.0
10x10-K2-c0.0-s0,10,10,2,0.0,0,MOACO,1,0.4578138389999822,0.18671426054833695,0.9072574341744108,False,29.0
10x10-K2-c0.0-s0,10,10,2,0.0,0,MOACO,2,0.4364877510001861,0.18736346300312928,0.8839595366799354,False,31.0
10x10-K2-c0.0-s0,10,10,2,0.0,0,MOACO+LS,0,0.4851504660000501,0.1675076650744218,0.9786580462112504,False,29.0
10x10-K2-c0.0-s0,10,10,2,0.0,0,MOACO+LS,1,0.5452683260000413,0.1675076650744218,0.9838175227091813,False,29.0
10x10-K2-c0.0-s0,10,10,2,0.0,0,MOACO+LS,2,0.514729836000015,0.1675076650744218,0.9813389861975158,False,28.0
10x10-K2-c0.0-s0,10,10,2,0.0,0,MOACO+LS (FP-seeded),0,0.5459038329997838,0.1675076650744218,0.9870394999861166,False,25.0
10x10-K2-c0.0-s0,10,10,2,0.0,0,MOACO+LS (FP-seeded),1,0.5177530269997987,0.1675076650744218,0.979270945853931,False,33.0
10x10-K2-c0.0-s0,10,10,2,0.0,0,MOACO+LS (FP-seeded),2,0.5398890310000297,0.1675076650744218,0.9874935980306979,False,28.0
10x10-K2-c0.0-s0,10,10,2,0.0,0,Exact LP (weighted sums),0,0.35922872199989797,0.1675076650744218,0.9676847727181266,False,14.0
10x10-K2-c0.0-s1,10,10,2,0.0,1,FP-geometric,0,0.000643422999928589,0.48412915761496367,0.40644604154116837,False,
10x10-K2-c0.0-s1,10,10,2,0.0,1,FP-arithmetic,0,0.00045361499996943166,0.48471403760882015,0.4181837151774837,False,
10x10-K2-c0.0-s1,10,10,2,0.0,1,FP-harmonic,0,0.0005644679999932123,0.5533359269259744,0.309350201002014,False,
10x10-K2-c0.0-s1,10,10,2,0.0,1,FP-minimum,0,0.0005171549998976843,0.43214496600191976,0.4686834010269983,False,
10x10-K2-c0.0-s1,10,10,2,0.0,1,FP-arithmetic-norm,0,0.0005418250000275293,0.5409312581964303,0.32579181249576933,False,
10x10-K2-c0.0-s1,10,10,2,0.0,1,FP-harmonic-norm,0,0.00052396400019461,0.5533359269259744,0.309350201002014,False,
10x10-K2-c0.0-s1,10,10,2,0.0,1,FP-minimum-norm,0,0.000479609999956665,0.43214496600191976,0.4686834010269983,False,
10x10-K2-c0.0-s1,10,10,2,0.0,1,VAM-arithmetic-norm,0,0.0025876730001073156,0.3070888189904388,0.667197292103215,False,
10x10-K2-c0.0-s1,10,10,2,0.0,1,MOACO,0,0.42149225899993326,0.3028289737881314,0.8928624230934001,False,29.0
10x10-K2-c0.0-s1,10,10,2,0.0,1,MOACO,1,0.4000320110001212,0.28800561869945895,0.8973646745701057,False,20.0
10x10-K2-c0.0-s1,10,10,2,0.0,1,MOACO,2,0.41660599800002274,0.2790242936237946,0.8966705780940755,False,25.0
10x10-K2-c0.0-s1,10,10,2,0.0,1,MOACO+LS,0,0.4526474839999537,0.2790242936237946,0.9677199108367168,False,32.0
10x10-K2-c0.0-s1,10,10,2,0.0,1,MOACO+LS,1,0.46729660799996964,0.2790242936237946,0.966985501035026,False,31.0
10x10-K2-c0.0-s1,10,10,2,0.0,1,MOACO+LS,2,0.4756157689998872,0.2790242936237946,0.9629907524868153,False,32.0
10x10-K2-c0.0-s1,10,10,2,0.0,1,MOACO+LS (FP-seeded),0,0.4746996690000742,0.2790242936237946,0.9665493955919828,False,29.0
10x10-K2-c0.0-s1,10,10,2,0.0,1,MOACO+LS (FP-seeded),1,0.4576699290000761,0.2790242936237946,0.9645050727620683,False,32.0
10x10-K2-c0.0-s1,10,10,2,0.0,1,MOACO+LS (FP-seeded),2,0.5168842940001923,0.2790242936237946,0.9753772192386791,False,32.0
10x10-K2-c0.0-s1,10,10,2,0.0,1,Exact LP (weighted sums),0,0.32801763099996606,0.2790242936237946,0.968513937740973,False,16.0
10x10-K2-c0.0-s2,10,10,2,0.0,2,FP-geometric,0,0.0005913760001021728,0.6884946771327114,0.5254267024130833,False,
10x10-K2-c0.0-s2,10,10,2,0.0,2,FP-arithmetic,0,0.0004741379998449702,0.6103351185100803,0.5901261253015779,False,
10x10-K2-c0.0-s2,10,10,2,0.0,2,FP-harmonic,0,0.0004200240000500344,1.0741550890047888,0.2583715251495555,False,
10x10-K2-c0.0-s2,10,10,2,0.0,2,FP-minimum,0,0.0004017629998998018,0.9789017045587571,0.2796277813610256,False,
10x10-K2-c0.0-s2,10,10,2,0.0,2,FP-arithmetic-norm,0,0.00048044999994090176,0.6103351185100803,0.5901261253015779,False,
10x10-K2-c0.0-s2,10,10,2,0.0,2,FP-harmonic-norm,0,0.0004571330000544549,1.0741550890047888,0.2583715251495555,False,
10x10-K2-c0.0-s2,10,10,2,0.0,2,FP-minimum-norm,0,0.0005270609999570297,0.9836497492187102,0.27495226135493955,False,
10x10-K2-c0.0-s2,10,10,2,0.0,2,VAM-arithmetic-norm,0,0.0015538120001110656,0.5562787817360884,0.6340984850581639,False,
10x10-K2-c0.0-s2,10,10,2,0.0,2,MOACO,0,0.4536688480000066,0.5903319688481794,0.9250294615557265,False,38.0
10x10-K2-c0.0-s2,10,10,2,0.0,2,MOACO,1,0.5145664280000801,0.5795640211204208,0.9362626233718107,False,42.0
10x10-K2-c0.0-s2,10,10,2,0.0,2,MOACO,2,0.41926216999991084,0.57631070756089,0.9173052790510693,False,39.0
10x10-K2-c0.0-s2,10,10,2,0.0,2,MOACO+LS,0,0.4887635649999993,0.5347759091752903,0.9872802816741144,False,23.0
10x10-K2-c0.0-s2,10,10,2,0.0,2,MOACO+LS,1,0.5233622829998694,0.5347759091752903,0.9860089973742772,False,22.0
10x10-K2-c0.0-s2,10,10,2,0.0,2,MOACO+LS,2,0.5013342020001801,0.535115969151112,0.988867975471687,False,25.0
10x10-K2-c0.0-s2,10,10,2,0.0,2,MOACO+LS (FP-seeded),0,0.4944946489999893,0.5347759091752903,0.9875459910140013,False,26.0
10x10-K2-c0.0-s2,10,10,2,0.0,2,MOACO+LS (FP-seeded),1,0.5099836370000048,0.5347759091752903,0.9869910747541701,False,24.0
10x10-K2-c0.0-s2,10,10,2,0.0,2,MOACO+LS (FP-seeded),2,0.5140511390000029,0.5347759091752903,0.987532775026928,False,24.0
10x10-K2-c0.0-s2,10,10,2,0.0,2,Exact LP (weighted sums),0,0.2943313490000037,0.5347759091752903,0.9911373951319092,False,27.0
10x10-K2-c0.0-s3,10,10,2,0.0,3,FP-geometric,0,0.0010116169999037083,0.7119041823791403,0.3931700652982894,False,
10x10-K2-c0.0-s3,10,10,2,0.0,3,FP-arithmetic,0,0.0008177709999017679,0.732984458909167,0.3666320482890254,False,
10x10-K2-c0.0-s3,10,10,2,0.0,3,FP-harmonic,0,0.0008167049998064613,0.8603291222971368,0.1629440500103002,False,
10x10-K2-c0.0-s3,10,10,2,0.0,3,FP-minimum,0,0.0008398899999519926,0.8203089746536913,0.2643090997531277,False,
10x10-K2-c0.0-s3,10,10,2,0.0,3,FP-arithmetic-norm,0,0.00087793799980318,0.732984458909167,0.3666320482890254,False,
10x10-K2-c0.0-s3,10,10,2,0.0,3,FP-harmonic-norm,0,0.0007966669998040743,0.8603291222971368,0.1629440500103002,False,
10x10-K2-c0.0-s3,10,10,2,0.0,3,FP-minimum-norm,0,0.0007999069998732011,0.8203089746536913,0.2643090997531277,False,
10x10-K2-c0.0-s3,10,10,2,0.0,3,VAM-arithmetic-norm,0,0.002572189999909824,0.5673228443206821,0.5293787637320433,False,
10x10-K2-c0.0-s3,10,10,2,0.0,3,MOACO,0,0.525349838000011,0.4423732271782986,0.9454928386583022,False,34.0
10x10-K2-c0.0-s3,10,10,2,0.0,3,MOACO,1,0.45184666900013326,0.4423732271782986,0.9467785543214868,False,45.0
10x10-K2-c0.0-s3,10,10,2,0.0,3,MOACO,2,0.44915527900002417,0.4423732271782986,0.9474347700218704,False,34.0
10x10-K2-c0.0-s3,10,10,2,0.0,3,MOACO+LS,0,0.5523735919998671,0.4218015190121185,0.9865404471163679,False,41.0
10x10-K2-c0.0-s3,10,10,2,0.0,3,MOACO+LS,1,0.4877940750000107,0.4218015190121185,0.9858244978762447,False,45.0
10x10-K2-c0.0-s3,10,10,2,0.0,3,MOACO+LS,2,0.5386411249999128,0.4218015190121185,0.9865809513689,False,43.0
10x10-K2-c0.0-s3,10,10,2,0.0,3,MOACO+LS (FP-seeded),0,0.5159862199998315,0.4218015190121185,0.9905567211276167,False,44.0
10x10-K2-c0.0-s3,10,10,2,0.0,3,MOACO+LS (FP-seeded),1,0.5342800929997793,0.4218015190121185,0.9829399251777511,False,50.0
10x10-K2-c0.0-s3,10,10,2,0.0,3,MOACO+LS (FP-seeded),2,0.5527608909999344,0.4218015190121185,0.9838615667428766,False,47.0
10x10-K2-c0.0-s3,10,10,2,0.0,3,Exact LP (weighted sums),0,0.3481989300000805,0.4218015190121185,0.9639567017395699,False,19.0
10x10-K2-c0.0-s4,10,10,2,0.0,4,FP-geometric,0,0.0009049660000073345,0.4372314255998511,0.1788637169285732,False,
10x10-K2-c0.0-s4,10,10,2,0.0,4,FP-arithmetic,0,0.000806244999921546,0.44748474019475626,0.384502109365515,False,
10x10-K2-c0.0-s4,10,10,2,0.0,4,FP-harmonic,0,0.0007110579999789479,0.45586462133926087,0.19363926737077508,False,
10x10-K2-c0.0-s4,10,10,2,0.0,4,FP-minimum,0,0.0006411460001345404,0.46922900169673754,0.2229849497658765,False,
10x10-K2-c0.0-s4,10,10,2,0.0,4,FP-arithmetic-norm,0,0.0007086079999680805,0.44748474019475626,0.384502109365515,False,
10x10-K2-c0.0-s4,10,10,2,0.0,4,FP-harmonic-norm,0,0.0007301260000076581,0.45586462133926087,0.19363926737077508,False,
10x10-K2-c0.0-s4,10,10,2,0.0,4,FP-minimum-norm,0,0.0007167449998632947,0.44948417331635715,0.3503903533245522,False,
10x10-K2-c0.0-s4,10,10,2,0.0,4,VAM-arithmetic-norm,0,0.0019705419999809237,0.3584020352060812,0.5071016322835947,False,
10x10-K2-c0.0-s4,10,10,2,0.0,4,MOACO,0,0.42760373000010077,0.30688619123841304,0.9408459774047466,False,45.0
10x10-K2-c0.0-s4,10,10,2,0.0,4,MOACO,1,0.42160789499985185,0.3104299742013745,0.9337173735658317,False,43.0
10x10-K2-c0.0-s4,10,10,2,0.0,4,MOACO,2,0.41269140899999,0.30805412968319806,0.9397966605900311,False,51.0
10x10-K2-c0.0-s4,10,10,2,0.0,4,MOACO+LS,0,0.5358097560001625,0.30606919511707736,0.9819911531859398,False,51.0
10x10-K2-c0.0-s4,10,10,2,0.0,4,MOACO+LS,1,0.5620155440001326,0.30606919511707736,0.9785238947020193,False,41.0
10x10-K2-c0.0-s4,10,10,2,0.0,4,MOACO+LS,2,0.5522001880001426,0.30606919511707736,0.985132052596337,False,51.0
10x10-K2-c0.0-s4,10,10,2,0.0,4,MOACO+LS (FP-seeded),0,0.5553923889999623,0.30606919511707736,0.9780733149897524,False,46.0
10x10-K2-c0.0-s4,10,10,2,0.0,4,MOACO+LS (FP-seeded),1,0.46990602099981515,0.30606919511707736,0.9853541194358778,False,53.0
10x10-K2-c0.0-s4,10,10,2,0.0,4,MOACO+LS (FP-seeded),2,0.5067903290000686,0.30606919511707736,0.9838061449163247,False,56.0
10x10-K2-c0.0-s4,10,10,2,0.0,4,Exact LP (weighted sums),0,0.347553550999919,0.30606919511707736,0.9624537147851906,False,22.0
10x10-K2-c0.5-s0,10,10,2,0.5,0,FP-geometric,0,0.0005885230000330921,0.18317313464496837,0.019694312335840354,False,
10x10-K2-c0.5-s0,10,10,2,0.5,0,FP-arithmetic,0,0.0004661960001612897,0.14270533596421076,0.16851157187074314,False,
10x10-K2-c0.5-s0,10,10,2,0.5,0,FP-harmonic,0,0.0004243270000188204,0.15998729884812268,0.023142732045326415,False,
10x10-K2-c0.5-s0,10,10,2,0.5,0,FP-minimum,0,0.00048553800002082426,0.12503350486405268,0.2426284570662774,False,
10x10-K2-c0.5-s0,10,10,2,0.5,0,FP-arithmetic-norm,0,0.00041821299987532257,0.14307851486726744,0.16564262130764054,False,
10x10-K2-c0.5-s0,10,10,2,0.5,0,FP-harmonic-norm,0,0.0004170899999280664,0.15998729884812268,0.023142732045326415,False,
10x10-K2-c0.5-s0,10,10,2,0.5,0,FP-minimum-norm,0,0.0004262590000507771,0.12503350486405268,0.2426284570662774,False,
10x10-K2-c0.5-s0,10,10,2,0.5,0,VAM-arithmetic-norm,0,0.0013065419998383732,0.06598668944898083,0.46758215225564626,False,
10x10-K2-c0.5-s0,10,10,2,0.5,0,MOACO,0,0.401050350000105,0.06481689290129176,0.8978277399484774,False,24.0
10x10-K2-c0.5-s0,10,10,2,0.5,0,MOACO,1,0.4246246089999204,0.06440010813054861,0.9115943738457581,False,22.0
10x10-K2-c0.5-s0,10,10,2,0.5,0,MOACO,2,0.4104052519999186,0.06512879796830197,0.9082014636952845,False,24.0
10x10-K2-c0.5-s0,10,10,2,0.5,0,MOACO+LS,0,0.5066371580001032,0.060583494457853077,0.9919770606121526,False,27.0
10x10-K2-c0.5-s0,10,10,2,0.5,0,MOACO+LS,1,0.4803182000000561,0.060583494457853077,0.9898369974453949,False,24.0
10x10-K2-c0.5-s0,10,10,2,0.5,0,MOACO+LS,2,0.5041659589999199,0.060583494457853077,0.9843272751861384,False,26.0
10x10-K2-c0.5-s0,10,10,2,0.5,0,MOACO+LS (FP-seeded),0,0.4603320749999966,0.060583494457853077,0.9847497544682383,False,26.0
10x10-K2-c0.5-s0,10,10,2,0.5,0,MOACO+LS (FP-seeded),1,0.45300060999989,0.060583494457853077,0.9818625273719288,False,25.0
10x10-K2-c0.5-s0,10,10,2,0.5,0,MOACO+LS (FP-seeded),2,0.48609561700004633,0.060583494457853077,0.9826550434623541,False,32.0
10x10-K2-c0.5-s0,10,10,2,0.5,0,Exact LP (weighted sums),0,0.3200418349999836,0.060583494457853077,0.9757130456951615,False,16.0
10x10-K2-c0.5-s1,10,10,2,0.5,1,FP-geometric,0,0.0004928359999212262,0.22604559097841131,0.3069013391669366,False,
10x10-K2-c0.5-s1,10,10,2,0.5,1,FP-arithmetic,0,0.00044688000002679473,0.2553632364078868,0.1750504221565616,False,
10x10-K2-c0.5-s1,10,10,2,0.5,1,FP-harmonic,0,0.0003518639998674189,0.22258587285641543,0.33561711255272564,False,
10x10-K2-c0.5-s1,10,10,2,0.5,1,FP-minimum,0,0.0003370249999079533,0.2537954636765639,0.25613988140924715,False,
10x10-K2-c0.5-s1,10,10,2,0.5,1,FP-arithmetic-norm,0,0.00040847900004337134,0.2553632364078868,0.1750504221565616,False,
10x10-K2-c0.5-s1,10,10,2,0.5,1,FP-harmonic-norm,0,0.000354682000079265,0.22258587285641543,0.33561711255272564,False,
10x10-K2-c0.5-s1,10,10,2,0.5,1,FP-minimum-norm,0,0.0006539099999827158,0.23529479797555775,0.2891711797229433,False,
10x10-K2-c0.5-s1,10,10,2,0.5,1,VAM-arithmetic-norm,0,0.0011924389998512197,0.1915256111314788,0.33298205444945983,False,
10x10-K2-c0.5-s1,10,10,2,0.5,1,MOACO,0,0.3917130790000556,0.14793638536679557,0.8802906172097434,False,19.0
10x10-K2-c0.5-s1,10,10,2,0.5,1,MOACO,1,0.45067966999999953,0.14730824692262606,0.8920360403130807,False,24.0
10x10-K2-c0.5-s1,10,10,2,0.5,1,MOACO,2,0.4184056080000573,0.14841788506663137,0.8922724244439019,False,19.0
10x10-K2-c0.5-s1,10,10,2,0.5,1,MOACO+LS,0,0.5487713679999615,0.1241657463181013,0.9843182033402156,False,25.0
10x10-K2-c0.5-s1,10,10,2,0.5,1,MOACO+LS,1,0.4859469349999017,0.1241657463181013,0.9817278836806442,False,28.0
10x10-K2-c0.5-s1,10,10,2,0.5,1,MOACO+LS,2,0.5035528150001483,0.1241657463181013,0.9795046061315482,False,26.0
10x10-K2-c0.5-s1,10,10,2,0.5,1,MOACO+LS (FP-seeded),0,0.5089295440000114,0.1241657463181013,0.9863086180914704,False,25.0
10x10-K2-c0.5-s1,10,10,2,0.5,1,MOACO+LS (FP-seeded),1,0.5432349719999365,0.1241657463181013,0.9828079215638619,False,25.0
10x10-K2-c0.5-s1,10,10,2,0.5,1,MOACO+LS (FP-seeded),2,0.4837661499998376,0.1241657463181013,0.9816443491309393,False,26.0
10x10-K2-c0.5-s1,10,10,2,0.5,1,Exact LP (weighted sums),0,0.3641154980000465,0.12415280631523606,0.9793308700880298,False,18.0
10x10-K2-c0.5-s2,10,10,2,0.5,2,FP-geometric,0,0.0006220479999683448,0.18866763384675198,0.24402662630934582,False,
10x10-K2-c0.5-s2,10,10,2,0.5,2,FP-arithmetic,0,0.00044985800013819244,0.3143639093376439,0.0,False,
10x10-K2-c0.5-s2,10,10,2,0.5,2,FP-harmonic,0,0.0005197020000196062,0.15538576712902957,0.3062939386653199,False,
10x10-K2-c0.5-s2,10,10,2,0.5,2,FP-minimum,0,0.00042290800001865136,0.2322014854621826,0.0,False,
10x10-K2-c0.5-s2,10,10,2,0.5,2,FP-arithmetic-norm,0,0.0006701649999740766,0.25784664660680556,0.0,False,
10x10-K2-c0.5-s2,10,10,2,0.5,2,FP-harmonic-norm,0,0.00044554000010066375,0.15538576712902957,0.3062939386653199,False,
10x10-K2-c0.5-s2,10,10,2,0.5,2,FP-minimum-norm,0,0.0006291810000220721,0.22997035294095247,0.0,False,
10x10-K2-c0.5-s2,10,10,2,0.5,2,VAM-arithmetic-norm,0,0.0013617529998555256,0.10675481773087252,0.5431846083230184,False,
10x10-K2-c0.5-s2,10,10,2,0.5,2,MOACO,0,0.4319434869998986,0.07842178484637727,0.920475077901979,False,19.0
10x10-K2-c0.5-s2,10,10,2,0.5,2,MOACO,1,0.3950530840002102,0.07796786248736262,0.8990621079316814,False,12.0
10x10-K2-c0.5-s2,10,10,2,0.5,2,MOACO,2,0.45861926399993536,0.08267387330738668,0.9253040886584555,False,18.0
10x10-K2-c0.5-s2,10,10,2,0.5,2,MOACO+LS,0,0.5001303100000314,0.07678550994197493,0.981736998559445,False,20.0
10x10-K2-c0.5-s2,10,10,2,0.5,2,MOACO+LS,1,0.4964443339999889,0.07678550994197493,0.974652162687148,False,23.0
10x10-K2-c0.5-s2,10,10,2,0.5,2,MOACO+LS,2,0.5045830910000859,0.07678550994197493,0.9743628496831338,False,18.0
10x10-K2-c0.5-s2,10,10,2,0.5,2,MOACO+LS (FP-seeded),0,0.7460209240000495,0.07678550994197493,0.979811344049889,False,22.0
10x10-K2-c0.5-s2,10,10,2,0.5,2,MOACO+LS (FP-seeded),1,0.5187605680000615,0.07678550994197493,0.9698772567816553,False,16.0
10x10-K2-c0.5-s2,10,10,2,0.5,2,MOACO+LS (FP-seeded),2,0.5622694189999038,0.07678550994197493,0.9763167581536266,False,23.0
10x10-K2-c0.5-s2,10,10,2,0.5,2,Exact LP (weighted sums),0,0.3298471729999619,0.07678550994197493,0.9532970526190898,False,10.0
10x10-K2-c0.5-s3,10,10,2,0.5,3,FP-geometric,0,0.0006356280000545667,0.1857341753335854,0.316625560174043,False,
10x10-K2-c0.5-s3,10,10,2,0.5,3,FP-arithmetic,0,0.0007427130001360638,0.20248434510131164,0.16880088137463198,False,
10x10-K2-c0.5-s3,10,10,2,0.5,3,FP-harmonic,0,0.00046419499994954094,0.17535039253590748,0.38829018065494975,False,
10x10-K2-c0.5-s3,10,10,2,0.5,3,FP-minimum,0,0.0005402660001436743,0.23966812055842818,0.11383641109514149,False,
10x10-K2-c0.5-s3,10,10,2,0.5,3,FP-arithmetic-norm,0,0.00044350699999995413,0.19956278173969214,0.22228768096162707,False,
10x10-K2-c0.5-s3,10,10,2,0.5,3,FP-harmonic-norm,0,0.00046651200000269455,0.1863827014405568,0.33020179644620895,False,
10x10-K2-c0.5-s3,10,10,2,0.5,3,FP-minimum-norm,0,0.0004387540000152512,0.23966812055842818,0.11383641109514149,False,
10x10-K2-c0.5-s3,10,10,2,0.5,3,VAM-arithmetic-norm,0,0.0040714110000408255,0.16548160629708275,0.4186364471235748,False,
10x10-K2-c0.5-s3,10,10,2,0.5,3,MOACO,0,0.45114933700006077,0.12246297738465999,0.9036333484109063,False,22.0
10x10-K2-c0.5-s3,10,10,2,0.5,3,MOACO,1,0.4492048940001041,0.12809291322100289,0.8780475219806086,False,22.0
10x10-K2-c0.5-s3,10,10,2,0.5,3,MOACO,2,0.3991852460001155,0.1216156092799886,0.9066349416640751,False,24.0
10x10-K2-c0.5-s3,10,10,2,0.5,3,MOACO+LS,0,0.4672898899998472,0.11082867423617418,0.9885837925274299,False,22.0
10x10-K2-c0.5-s3,10,10,2,0.5,3,MOACO+LS,1,0.607846827000003,0.11082867423617418,0.9868329116779306,False,20.0
10x10-K2-c0.5-s3,10,10,2,0.5,3,MOACO+LS,2,0.5409272039998996,0.11082867423617418,0.9879034898668352,False,20.0
10x10-K2-c0.5-s3,10,10,2,0.5,3,MOACO+LS (FP-seeded),0,0.48791568499996174,0.11082867423617418,0.9874399512410333,False,23.0
10x10-K2-c0.5-s3,10,10,2,0.5,3,MOACO+LS (FP-seeded),1,0.44792912699995213,0.11082867423617418,0.988637408737168,False,22.0
10x10-K2-c0.5-s3,10,10,2,0.5,3,MOACO+LS (FP-seeded),2,0.4563531490000514,0.11082867423617418,0.9909280819932705,False,24.0
10x10-K2-c0.5-s3,10,10,2,0.5,3,Exact LP (weighted sums),0,0.3451302930000111,0.11082867423617418,0.9964013263320213,False,18.0
10x10-K2-c0.5-s4,10,10,2,0.5,4,FP-geometric,0,0.0005490230000759766,0.22684046246914294,0.0,False,
10x10-K2-c0.5-s4,10,10,2,0.5,4,FP-arithmetic,0,0.0005143639998550498,0.15793808259321956,0.10085214428441862,False,
10x10-K2-c0.5-s4,10,10,2,0.5,4,FP-harmonic,0,0.00044400399997357454,0.19160071161697514,0.0,False,
10x10-K2-c0.5-s4,10,10,2,0.5,4,FP-minimum,0,0.00045788800002810603,0.3554425748670743,0.0,False,
10x10-K2-c0.5-s4,10,10,2,0.5,4,FP-arithmetic-norm,0,0.0004755019999720389,0.15793808259321956,0.10085214428441862,False,
10x10-K2-c0.5-s4,10,10,2,0.5,4,FP-harmonic-norm,0,0.0005206449998240714,0.19160071161697514,0.0,False,
10x10-K2-c0.5-s4,10,10,2,0.5,4,FP-minimum-norm,0,0.0003856950002045778,0.3554425748670743,0.0,False,
10x10-K2-c0.5-s4,10,10,2,0.5,4,VAM-arithmetic-norm,0,0.001305334000107905,0.0696009315312473,0.6182641341981269,False,
10x10-K2-c0.5-s4,10,10,2,0.5,4,MOACO,0,0.3752151579999463,0.048390440071983586,0.9062434087660948,False,12.0
10x10-K2-c0.5-s4,10,10,2,0.5,4,MOACO,1,0.45407442299983813,0.0483781899387806,0.9035816256587466,False,12.0
10x10-K2-c0.5-s4,10,10,2,0.5,4,MOACO,2,0.42256145999999717,0.0483781899387806,0.8971296629418261,False,7.0
10x10-K2-c0.5-s4,10,10,2,0.5,4,MOACO+LS,0,0.6240122489998612,0.04465433183842748,0.9951006542090836,False,18.0
10x10-K2-c0.5-s4,10,10,2,0.5,4,MOACO+LS,1,0.5040039010000328,0.04465433183842748,0.993099225830622,False,15.0
10x10-K2-c0.5-s4,10,10,2,0.5,4,MOACO+LS,2,0.4774960890001694,0.04465433183842748,0.9965849042416443,False,17.0
10x10-K2-c0.5-s4,10,10,2,0.5,4,MOACO+LS (FP-seeded),0,0.38225261599995974,0.04465433183842748,0.9933784212394545,False,21.0
10x10-K2-c0.5-s4,10,10,2,0.5,4,MOACO+LS (FP-seeded),1,0.37049718200000825,0.04465433183842748,0.9948942507143127,False,17.0
10x10-K2-c0.5-s4,10,10,2,0.5,4,MOACO+LS (FP-seeded),2,0.35882435300004545,0.04465433183842748,0.9930647223658893,False,16.0
10x10-K2-c0.5-s4,10,10,2,0.5,4,Exact LP (weighted sums),0,0.30120417899979657,0.04465433183842748,0.9943169837073731,False,15.0
10x10-K3-c0.0-s0,10,10,3,0.0,0,FP-geometric,0,0.0009370120001221949,0.9879792997171645,0.20241683258881613,False,
10x10-K3-c0.0-s0,10,10,3,0.0,0,FP-arithmetic,0,0.0006817519999913202,0.7424791869225961,0.3880388152887904,False,
10x10-K3-c0.0-s0,10,10,3,0.0,0,FP-harmonic,0,0.0006257180000375229,0.9407850849629704,0.21297516864152033,False,
10x10-K3-c0.0-s0,10,10,3,0.0,0,FP-minimum,0,0.0008827470001051552,1.0736047604351067,0.035662436932773246,False,
10x10-K3-c0.0-s0,10,10,3,0.0,0,FP-arithmetic-norm,0,0.00092398099991442,0.7508561344085473,0.36915020871399,False,
10x10-K3-c0.0-s0,10,10,3,0.0,0,FP-harmonic-norm,0,0.0008953099998052494,0.9407850849629704,0.21297516864152033,False,
10x10-K3-c0.0-s0,10,10,3,0.0,0,FP-minimum-norm,0,0.0009143999998286745,1.0505985447059414,0.05537072262822129,False,
10x10-K3-c0.0-s0,10,10,3,0.0,0,VAM-arithmetic-norm,0,0.0024345209999410145,0.6544833761717418,0.46880270698980275,False,
10x10-K3-c0.0-s0,10,10,3,0.0,0,MOACO,0,0.6264720909998687,0.6602378375215131,0.88595237692922,False,162.0
10x10-K3-c0.0-s0,10,10,3,0.0,0,MOACO,1,0.6107752319999236,0.6622143263584493,0.89940127392443,False,177.0
10x10-K3-c0.0-s0,10,10,3,0.0,0,MOACO,2,0.5603552790000776,0.6356910170186365,0.8927420083983212,False,159.0
10x10-K3-c0.0-s0,10,10,3,0.0,0,MOACO+LS,0,0.6883523030001015,0.6287109846608476,0.936031593028362,False,153.0
10x10-K3-c0.0-s0,10,10,3,0.0,0,MOACO+LS,1,0.6410683500000687,0.6523837229287408,0.9360306832878168,False,170.0
10x10-K3-c0.0-s0,10,10,3,0.0,0,MOACO+LS,2,0.6193291150000277,0.6282230187153679,0.9323418940746367,False,123.0
10x10-K3-c0.0-s0,10,10,3,0.0,0,MOACO+LS (FP-seeded),0,0.613055126000063,0.6287109846608476,0.9417533177027761,False,148.0
10x10-K3-c0.0-s0,10,10,3,0.0,0,MOACO+LS (FP-seeded),1,0.7647555260000445,0.6529734486803155,0.9341052352124322,False,142.0
10x10-K3-c0.0-s0,10,10,3,0.0,0,MOACO+LS (FP-seeded),2,0.6676712969999699,0.6282230187153679,0.9350304284292221,False,136.0
10x10-K3-c0.0-s0,10,10,3,0.0,0,Exact LP (weighted sums),0,0.5882732640000086,0.6282133364349523,0.9517262530228409,False,77.0
10x10-K3-c0.0-s1,10,10,3,0.0,1,FP-geometric,0,0.0005494110000654473,0.8110791693502809,0.008820325936537737,False,
10x10-K3-c0.0-s1,10,10,3,0.0,1,FP-arithmetic,0,0.0004051290000006702,0.6142459908718295,0.3158367836643806,False,
10x10-K3-c0.0-s1,10,10,3,0.0,1,FP-harmonic,0,0.0003741929999705462,0.6950637221751804,0.1254619835715974,False,
10x10-K3-c0.0-s1,10,10,3,0.0,1,FP-minimum,0,0.0003789709999182378,0.747711178072293,0.0877509703328209,False,
10x10-K3-c0.0-s1,10,10,3,0.0,1,FP-arithmetic-norm,0,0.000365241000054084,0.6142459908718295,0.3158367836643806,False,
10x10-K3-c0.0-s1,10,10,3,0.0,1,FP-harmonic-norm,0,0.0003702760000123817,0.6950637221751804,0.1254619835715974,False,
10x10-K3-c0.0-s1,10,10,3,0.0,1,FP-minimum-norm,0,0.00041682300002321426,0.6966462178270515,0.12325839402547481,False,
10x10-K3-c0.0-s1,10,10,3,0.0,1,VAM-arithmetic-norm,0,0.0011475890000838262,0.6504020121909827,0.4113809873386703,False,
10x10-K3-c0.0-s1,10,10,3,0.0,1,MOACO,0,0.5576979190000202,0.5744943726620454,0.8746166226932146,False,124.0
10x10-K3-c0.0-s1,10,10,3,0.0,1,MOACO,1,0.5975412440000127,0.5802917136075746,0.8500668192805221,False,123.0
10x10-K3-c0.0-s1,10,10,3,0.0,1,MOACO,2,0.5258852090000801,0.5748140685640996,0.8750706854014161,False,115.0
10x10-K3-c0.0-s1,10,10,3,0.0,1,MOACO+LS,0,0.6577927309999723,0.5567604252572537,0.9225576370204563,False,124.0
10x10-K3-c0.0-s1,10,10,3,0.0,1,MOACO+LS,1,0.6235962949999703,0.5481185037722826,0.8968041195146149,False,120.0
10x10-K3-c0.0-s1,10,10,3,0.0,1,MOACO+LS,2,0.6037340179998409,0.561588374524615,0.9154475353979113,False,106.0
10x10-K3-c0.0-s1,10,10,3,0.0,1,MOACO+LS (FP-seeded),0,0.6178638879998744,0.5567604252572537,0.9259492664738136,False,121.0
10x10-K3-c0.0-s1,10,10,3,0.0,1,MOACO+LS (FP-seeded),1,0.5548383020000074,0.5481185037722826,0.9043583434794435,False,129.0
10x10-K3-c0.0-s1,10,10,3,0.0,1,MOACO+LS (FP-seeded),2,0.5453521699998873,0.561588374524615,0.9135991287294621,False,107.0
10x10-K3-c0.0-s1,10,10,3,0.0,1,Exact LP (weighted sums),0,0.5574545249999119,0.5455492075882741,0.9600554104676219,False,74.0
10x10-K3-c0.0-s2,10,10,3,0.0,2,FP-geometric,0,0.0005783520000477438,0.6595997963381429,0.11559928575480138,False,
10x10-K3-c0.0-s2,10,10,3,0.0,2,FP-arithmetic,0,0.0004589509999277652,0.5786306727298632,0.24981815856335376,False,
10x10-K3-c0.0-s2,10,10,3,0.0,2,FP-harmonic,0,0.0004145939999489201,0.7841105633876287,0.0,False,
10x10-K3-c0.0-s2,10,10,3,0.0,2,FP-minimum,0,0.0004189609999230015,0.8724343123082737,0.0,False,
10x10-K3-c0.0-s2,10,10,3,0.0,2,FP-arithmetic-norm,0,0.00041151200002786936,0.5786306727298632,0.24981815856335376,False,
10x10-K3-c0.0-s2,10,10,3,0.0,2,FP-harmonic-norm,0,0.00043725699993046874,0.7660654192022082,0.0,False,
10x10-K3-c0.0-s2,10,10,3,0.0,2,FP-minimum-norm,0,0.00038403000007747323,0.8724343123082737,0.0,False,
10x10-K3-c0.0-s2,10,10,3,0.0,2,VAM-arithmetic-norm,0,0.0014625999999680062,0.4890736339769792,0.370250358852264,False,
10x10-K3-c0.0-s2,10,10,3,0.0,2,MOACO,0,0.7666723489999185,0.5026703468321666,0.8549094636110096,False,216.0
10x10-K3-c0.0-s2,10,10,3,0.0,2,MOACO,1,0.6819916690001264,0.5162363878488015,0.8514527190302711,False,195.0
10x10-K3-c0.0-s2,10,10,3,0.0,2,MOACO,2,0.7399480349999976,0.4947481572676351,0.851575494263225,False,205.0
10x10-K3-c0.0-s2,10,10,3,0.0,2,MOACO+LS,0,0.8710137350001332,0.4972249200537961,0.9112809992699302,False,183.0
10x10-K3-c0.0-s2,10,10,3,0.0,2,MOACO+LS,1,0.6872893309998744,0.48999715020220247,0.9027596856457942,False,209.0
10x10-K3-c0.0-s2,10,10,3,0.0,2,MOACO+LS,2,0.6708498819998567,0.4890736339769792,0.873134858814654,False,204.0
10x10-K3-c0.0-s2,10,10,3,0.0,2,MOACO+LS (FP-seeded),0,0.8322484969999095,0.5086129664920511,0.909340786691669,False,212.0
10x10-K3-c0.0-s2,10,10,3,0.0,2,MOACO+LS (FP-seeded),1,0.7526576249999835,0.48999715020220247,0.9119520117349867,False,193.0
10x10-K3-c0.0-s2,10,10,3,0.0,2,MOACO+LS (FP-seeded),2,0.7478391580000334,0.4890736339769792,0.8863618983610394,False,204.0
10x10-K3-c0.0-s2,10,10,3,0.0,2,Exact LP (weighted sums),0,0.6730744839999261,0.48571642146974875,0.8991352230776133,False,76.0
10x10-K3-c0.0-s3,10,10,3,0.0,3,FP-geometric,0,0.0006374940001023788,0.8108385416455657,0.36049340072101793,False,
10x10-K3-c0.0-s3,10,10,3,0.0,3,FP-arithmetic,0,0.0005334259999472124,0.9288228779425948,0.37261792171623054,False,
10x10-K3-c0.0-s3,10,10,3,0.0,3,FP-harmonic,0,0.0004139140000916086,1.1754767627093878,0.07377802236620622,False,
10x10-K3-c0.0-s3,10,10,3,0.0,3,FP-minimum,0,0.00039851700012150104,1.2889261314800908,0.1089342011742192,False,
10x10-K3-c0.0-s3,10,10,3,0.0,3,FP-arithmetic-norm,0,0.0005562179999287764,0.9288228779425948,0.37261792171623054,False,
10x10-K3-c0.0-s3,10,10,3,0.0,3,FP-harmonic-norm,0,0.00042861399992943916,1.405411976552301,0.09522496789134938,False,
10x10-K3-c0.0-s3,10,10,3,0.0,3,FP-minimum-norm,0,0.0004497779998473561,1.4443213837604558,0.0900790630076662,False,
10x10-K3-c0.0-s3,10,10,3,0.0,3,VAM-arithmetic-norm,0,0.0013137799999185518,0.8173636281087239,0.45059197492601044,False,
10x10-K3-c0.0-s3,10,10,3,0.0,3,MOACO,0,0.5971142359999249,0.6224269736241116,0.9028306302965389,False,140.0
10x10-K3-c0.0-s3,10,10,3,0.0,3,MOACO,1,0.6260754380000435,0.6104485881231854,0.9014666334022008,False,148.0
10x10-K3-c0.0-s3,10,10,3,0.0,3,MOACO,2,0.6249247199998536,0.6523174441143026,0.9012784752175838,False,162.0
10x10-K3-c0.0-s3,10,10,3,0.0,3,MOACO+LS,0,0.559141241999896,0.6012600217999836,0.943466597252083,False,133.0
10x10-K3-c0.0-s3,10,10,3,0.0,3,MOACO+LS,1,0.6546149499999956,0.6019614937317906,0.9339290143601529,False,121.0
10x10-K3-c0.0-s3,10,10,3,0.0,3,MOACO+LS,2,0.5977662389998386,0.6001240256474464,0.9353130034748436,False,117.0
10x10-K3-c0.0-s3,10,10,3,0.0,3,MOACO+LS (FP-seeded),0,0.6091404020000937,0.6012600217999836,0.9395738290221346,False,111.0
10x10-K3-c0.0-s3,10,10,3,0.0,3,MOACO+LS (FP-seeded),1,0.5848849189999328,0.6019614937317906,0.9304656118664526,False,107.0
10x10-K3-c0.0-s3,10,10,3,0.0,3,MOACO+LS (FP-seeded),2,0.6182529390000582,0.6001240256474464,0.9415966888628791,False,115.0
10x10-K3-c0.0-s3,10,10,3,0.0,3,Exact LP (weighted sums),0,0.6511739079999188,0.5975676978744341,0.9703052508943115,False,75.0
10x10-K3-c0.0-s4,10,10,3,0.0,4,FP-geometric,0,0.0005447690000437433,0.6062721644286776,0.1414839934005357,False,
10x10-K3-c0.0-s4,10,10,3,0.0,4,FP-arithmetic,0,0.0004635489999600395,0.5978133041892552,0.32231370772852413,False,
10x10-K3-c0.0-s4,10,10,3,0.0,4,FP-harmonic,0,0.00036819800016019144,0.7258648820317511,0.011168216007160182,False,
10x10-K3-c0.0-s4,10,10,3,0.0,4,FP-minimum,0,0.0003662499998426938,0.6212605495185376,0.12866566072174046,False,
10x10-K3-c0.0-s4,10,10,3,0.0,4,FP-arithmetic-norm,0,0.0003975529998569982,0.6593920924729125,0.2513893738686805,False,
10x10-K3-c0.0-s4,10,10,3,0.0,4,FP-harmonic-norm,0,0.0003635349999058235,0.7236790708880038,0.012666894212938162,False,
10x10-K3-c0.0-s4,10,10,3,0.0,4,FP-minimum-norm,0,0.000506630000018049,0.6272538237633047,0.08678923981099224,False,
10x10-K3-c0.0-s4,10,10,3,0.0,4,VAM-arithmetic-norm,0,0.0012873839998519543,0.5276073024900633,0.4313409264373458,False,
10x10-K3-c0.0-s4,10,10,3,0.0,4,MOACO,0,0.6541816669998752,0.48416902699460973,0.9128240183072724,False,177.0
10x10-K3-c0.0-s4,10,10,3,0.0,4,MOACO,1,0.6521425179998914,0.5017562899930477,0.8911397793632527,False,172.0
10x10-K3-c0.0-s4,10,10,3,0.0,4,MOACO,2,0.7565724329999739,0.48986727329525886,0.9174234449295418,False,197.0
10x10-K3-c0.0-s4,10,10,3,0.0,4,MOACO+LS,0,0.7297672700001385,0.4868687324228335,0.9467410733818343,False,193.0
10x10-K3-c0.0-s4,10,10,3,0.0,4,MOACO+LS,1,0.729666024999915,0.5005246688455429,0.9277512766381848,False,184.0
10x10-K3-c0.0-s4,10,10,3,0.0,4,MOACO+LS,2,0.6583501580000757,0.4914724332561638,0.946583773630386,False,178.0
10x10-K3-c0.0-s4,10,10,3,0.0,4,MOACO+LS (FP-seeded),0,0.7750230030001148,0.4914724332561638,0.9447166859749266,False,204.0
10x10-K3-c0.0-s4,10,10,3,0.0,4,MOACO+LS (FP-seeded),1,0.7589205970000421,0.4925813334843605,0.9263001990134758,False,184.0
10x10-K3-c0.0-s4,10,10,3,0.0,4,MOACO+LS (FP-seeded),2,0.7096020889998726,0.48986727329525886,0.9425038981899183,False,169.0
10x10-K3-c0.0-s4,10,10,3,0.0,4,Exact LP (weighted sums),0,0.6103776279999238,0.4820567867073191,0.937415627937798,False,64.0
10x10-K3-c0.5-s0,10,10,3,0.5,0,FP-geometric,0,0.0006775300000754214,0.3366476072595232,0.048601393514582716,False,
10x10-K3-c0.5-s0,10,10,3,0.5,0,FP-arithmetic,0,0.0004443550001269614,0.30640546011799114,0.06340047312984745,False,
10x10-K3-c0.5-s0,10,10,3,0.5,0,FP-harmonic,0,0.0005578299999342562,0.3608034588711368,0.021519830840053895,False,
10x10-K3-c0.5-s0,10,10,3,0.5,0,FP-minimum,0,0.0004971280000063416,0.4091410866270447,0.0,False,
10x10-K3-c0.5-s0,10,10,3,0.5,0,FP-arithmetic-norm,0,0.0005160499999874446,0.30640546011799114,0.06340047312984745,False,
10x10-K3-c0.5-s0,10,10,3,0.5,0,FP-harmonic-norm,0,0.0004630440000710223,0.3608034588711368,0.021519830840053895,False,
10x10-K3-c0.5-s0,10,10,3,0.5,0,FP-minimum-norm,0,0.0004962739999427868,0.4081949356726944,0.0,False,
10x10-K3-c0.5-s0,10,10,3,0.5,0,VAM-arithmetic-norm,0,0.0013791399999263376,0.2687466926004918,0.1698872068851589,False,
10x10-K3-c0.5-s0,10,10,3,0.5,0,MOACO,0,0.47867568199990274,0.1985468471195543,0.742730350971216,False,59.0
10x10-K3-c0.5-s0,10,10,3,0.5,0,MOACO,1,0.45048099700011335,0.1985199557950806,0.723320132648486,False,71.0
10x10-K3-c0.5-s0,10,10,3,0.5,0,MOACO,2,0.4073465280000619,0.20092891916566538,0.7276847245130789,False,54.0
10x10-K3-c0.5-s0,10,10,3,0.5,0,MOACO+LS,0,0.5190254139999979,0.1762248379508101,0.8824176162366505,False,64.0
10x10-K3-c0.5-s0,10,10,3,0.5,0,MOACO+LS,1,0.46259961100008695,0.18016074671932739,0.8968677202060631,False,54.0
10x10-K3-c0.5-s0,10,10,3,0.5,0,MOACO+LS,2,0.5282758850000846,0.17608170337175297,0.8829069471739833,False,38.0
10x10-K3-c0.5-s0,10,10,3,0.5,0,MOACO+LS (FP-seeded),0,0.5714503000001514,0.1762248379508101,0.8896260196619402,False,45.0
10x10-K3-c0.5-s0,10,10,3,0.5,0,MOACO+LS (FP-seeded),1,0.5352037220000057,0.18016074671932739,0.9028306186538305,False,58.0
10x10-K3-c0.5-s0,10,10,3,0.5,0,MOACO+LS (FP-seeded),2,0.5444136729997808,0.17608170337175297,0.8810723618178802,False,52.0
10x10-K3-c0.5-s0,10,10,3,0.5,0,Exact LP (weighted sums),0,0.6292035229998874,0.17553771207183924,0.9808420032313694,False,64.0
10x10-K3-c0.5-s1,10,10,3,0.5,1,FP-geometric,0,0.0006002790000820823,0.20385965379298435,0.12419911724749727,False,
10x10-K3-c0.5-s1,10,10,3,0.5,1,FP-arithmetic,0,0.00045334100013860734,0.1407685691334654,0.3850944205583512,False,
10x10-K3-c0.5-s1,10,10,3,0.5,1,FP-harmonic,0,0.0007121620001271367,0.22518359918189104,0.07754173061170859,False,
10x10-K3-c0.5-s1,10,10,3,0.5,1,FP-minimum,0,0.0005516179999176529,0.2856431550186883,0.0,False,
10x10-K3-c0.5-s1,10,10,3,0.5,1,FP-arithmetic-norm,0,0.00045721299989054387,0.1407685691334654,0.3850944205583512,False,
10x10-K3-c0.5-s1,10,10,3,0.5,1,FP-harmonic-norm,0,0.0004601429998274398,0.22583929430884883,0.07607058275308225,False,
10x10-K3-c0.5-s1,10,10,3,0.5,1,FP-minimum-norm,0,0.0004976359998636326,0.27696712729280887,0.008933610796433218,False,
10x10-K3-c0.5-s1,10,10,3,0.5,1,VAM-arithmetic-norm,0,0.0015471889998934785,0.1402789803765739,0.37465735155925234,False,
10x10-K3-c0.5-s1,10,10,3,0.5,1,MOACO,0,0.3880146499998318,0.12416493970702168,0.8608174268603213,False,58.0
10x10-K3-c0.5-s1,10,10,3,0.5,1,MOACO,1,0.40045804499982296,0.12646302033901857,0.8720914830168557,False,55.0
10x10-K3-c0.5-s1,10,10,3,0.5,1,MOACO,2,0.43066805300009037,0.12077974807990184,0.8649305028065802,False,46.0
10x10-K3-c0.5-s1,10,10,3,0.5,1,MOACO+LS,0,0.516010481999956,0.11120968260196211,0.9562389020946016,False,51.0
10x10-K3-c0.5-s1,10,10,3,0.5,1,MOACO+LS,1,0.45810897000001205,0.11125518067752733,0.9474622559134416,False,52.0
10x10-K3-c0.5-s1,10,10,3,0.5,1,MOACO+LS,2,0.5549370330002148,0.11130321997381705,0.9334004535479563,False,55.0
10x10-K3-c0.5-s1,10,10,3,0.5,1,MOACO+LS (FP-seeded),0,0.5576381169998967,0.11120968260196211,0.958656820703893,False,55.0
10x10-K3-c0.5-s1,10,10,3,0.5,1,MOACO+LS (FP-seeded),1,0.4604523970001537,0.11125518067752733,0.9396864821502439,False,56.0
10x10-K3-c0.5-s1,10,10,3,0.5,1,MOACO+LS (FP-seeded),2,0.5390095999998721,0.11130321997381705,0.9356696558640106,False,61.0
10x10-K3-c0.5-s1,10,10,3,0.5,1,Exact LP (weighted sums),0,0.48985614900016117,0.111179988412808,0.9642518635638604,False,42.0
10x10-K3-c0.5-s2,10,10,3,0.5,2,FP-geometric,0,0.0006490279999979975,0.12904459078411992,0.23382289635147982,False,
10x10-K3-c0.5-s2,10,10,3,0.5,2,FP-arithmetic,0,0.0004566479999539297,0.14789337796128765,0.1266709759342112,False,
10x10-K3-c0.5-s2,10,10,3,0.5,2,FP-harmonic,0,0.0005133129998284858,0.1426987486430444,0.3927085643339358,False,
10x10-K3-c0.5-s2,10,10,3,0.5,2,FP-minimum,0,0.00039579899998898327,0.15525262902891804,0.2387266125869091,False,
10x10-K3-c0.5-s2,10,10,3,0.5,2,FP-arithmetic-norm,0,0.0004202919999443111,0.14789337796128765,0.1266709759342112,False,
10x10-K3-c0.5-s2,10,10,3,0.5,2,FP-harmonic-norm,0,0.0004409630000736797,0.1426987486430444,0.3927085643339358,False,
10x10-K3-c0.5-s2,10,10,3,0.5,2,FP-minimum-norm,0,0.00040566600000602193,0.15525262902891804,0.2387266125869091,False,
10x10-K3-c0.5-s2,10,10,3,0.5,2,VAM-arithmetic-norm,0,0.0013260589998935757,0.11984732716839575,0.43046888868607674,False,
10x10-K3-c0.5-s2,10,10,3,0.5,2,MOACO,0,0.5033239300000787,0.10973109347664967,0.8413274493211778,False,59.0
10x10-K3-c0.5-s2,10,10,3,0.5,2,MOACO,1,0.5329372339999736,0.11438580505438105,0.8466022353928949,False,92.0
10x10-K3-c0.5-s2,10,10,3,0.5,2,MOACO,2,0.489902986000061,0.11132263596816573,0.8252154794033878,False,86.0
10x10-K3-c0.5-s2,10,10,3,0.5,2,MOACO+LS,0,0.575506070000074,0.10804056454533517,0.9453456553312146,False,81.0
10x10-K3-c0.5-s2,10,10,3,0.5,2,MOACO+LS,1,0.4879851019998114,0.10772131988534057,0.9257564849392504,False,83.0
10x10-K3-c0.5-s2,10,10,3,0.5,2,MOACO+LS,2,0.49423032200002126,0.10772131988534057,0.8591528301798637,False,68.0
10x10-K3-c0.5-s2,10,10,3,0.5,2,MOACO+LS (FP-seeded),0,0.5616092600000684,0.10871078119381332,0.9481481712935259,False,91.0
10x10-K3-c0.5-s2,10,10,3,0.5,2,MOACO+LS (FP-seeded),1,0.5681375649999154,0.10772131988534057,0.9283434440547219,False,66.0
10x10-K3-c0.5-s2,10,10,3,0.5,2,MOACO+LS (FP-seeded),2,0.5612448110000514,0.10772131988534057,0.8792927758743573,False,75.0
10x10-K3-c0.5-s2,10,10,3,0.5,2,Exact LP (weighted sums),0,0.5651881139999659,0.10763168763749287,0.9860506730516307,False,48.0
10x10-K3-c0.5-s3,10,10,3,0.5,3,FP-geometric,0,0.0006872050000765739,0.295719688470051,0.021430370316107752,False,
10x10-K3-c0.5-s3,10,10,3,0.5,3,FP-arithmetic,0,0.0010038020000138204,0.2820624447021838,0.0,False,
10x10-K3-c0.5-s3,10,10,3,0.5,3,FP-harmonic,0,0.0008094830000118236,0.2771836717002392,0.009496143045083684,False,
10x10-K3-c0.5-s3,10,10,3,0.5,3,FP-minimum,0,0.0007771709999815357,0.49753829322964654,0.0,False,
10x10-K3-c0.5-s3,10,10,3,0.5,3,FP-arithmetic-norm,0,0.000887625000132175,0.2820624447021838,0.0,False,
10x10-K3-c0.5-s3,10,10,3,0.5,3,FP-harmonic-norm,0,0.0007998889998361847,0.2771836717002392,0.009496143045083684,False,
10x10-K3-c0.5-s3,10,10,3,0.5,3,FP-minimum-norm,0,0.0006900999999288615,0.4149920720947213,0.0,False,
10x10-K3-c0.5-s3,10,10,3,0.5,3,VAM-arithmetic-norm,0,0.0024976100000912993,0.16780462337580104,0.19313885036687753,False,
10x10-K3-c0.5-s3,10,10,3,0.5,3,MOACO,0,0.46442196199996033,0.13052926491557512,0.8030841206247433,False,67.0
10x10-K3-c0.5-s3,10,10,3,0.5,3,MOACO,1,0.49141918400005125,0.13486297323898,0.810280387492459,False,54.0
10x10-K3-c0.5-s3,10,10,3,0.5,3,MOACO,2,0.4750380820000828,0.1288545725889186,0.8286020891979488,False,68.0
10x10-K3-c0.5-s3,10,10,3,0.5,3,MOACO+LS,0,0.5540323469999748,0.1291918278684518,0.9325303970670771,False,79.0
10x10-K3-c0.5-s3,10,10,3,0.5,3,MOACO+LS,1,0.5742045599999983,0.12244609658473037,0.9434330901394055,False,75.0
10x10-K3-c0.5-s3,10,10,3,0.5,3,MOACO+LS,2,0.5108146690001831,0.12985001655660464,0.9419157501367525,False,70.0
10x10-K3-c0.5-s3,10,10,3,0.5,3,MOACO+LS (FP-seeded),0,0.5340090830000008,0.1291918278684518,0.9381850751898746,False,59.0
10x10-K3-c0.5-s3,10,10,3,0.5,3,MOACO+LS (FP-seeded),1,0.547270097999899,0.12244609658473037,0.9431749232036564,False,90.0
10x10-K3-c0.5-s3,10,10,3,0.5,3,MOACO+LS (FP-seeded),2,0.43691377300001477,0.13074536490070734,0.9368078319755246,False,64.0
10x10-K3-c0.5-s3,10,10,3,0.5,3,Exact LP (weighted sums),0,0.5778466530000514,0.12185021015577328,0.9727399855450446,False,48.0
10x10-K3-c0.5-s4,10,10,3,0.5,4,FP-geometric,0,0.0007763489998069417,0.24250835035723842,0.06312351656061084,False,
10x10-K3-c0.5-s4,10,10,3,0.5,4,FP-arithmetic,0,0.0004287669999030186,0.2857839704944282,0.013263340281545665,False,
10x10-K3-c0.5-s4,10,10,3,0.5,4,FP-harmonic,0,0.00048068000000967004,0.2915887444096363,0.005283625560659448,False,
10x10-K3-c0.5-s4,10,10,3,0.5,4,FP-minimum,0,0.00037656199992852635,0.19902479596108968,0.14895632850983315,False,
10x10-K3-c0.5-s4,10,10,3,0.5,4,FP-arithmetic-norm,0,0.0004578079999646434,0.2857839704944282,0.013263340281545665,False,
10x10-K3-c0.5-s4,10,10,3,0.5,4,FP-harmonic-norm,0,0.0004172320000179752,0.2915887444096363,0.005283625560659448,False,
10x10-K3-c0.5-s4,10,10,3,0.5,4,FP-minimum-norm,0,0.000413276000017504,0.19688897751684972,0.1553529107636192,False,
10x10-K3-c0.5-s4,10,10,3,0.5,4,VAM-arithmetic-norm,0,0.0013215080000463786,0.2099635763638911,0.09575186543485874,False,
10x10-K3-c0.5-s4,10,10,3,0.5,4,MOACO,0,0.5032838399999946,0.14361945652786368,0.7391029368280071,False,81.0
10x10-K3-c0.5-s4,10,10,3,0.5,4,MOACO,1,0.4378850569999031,0.14063752355943035,0.7154027541548005,False,68.0
10x10-K3-c0.5-s4,10,10,3,0.5,4,MOACO,2,0.38893505499981984,0.13518570257547155,0.7591896314484812,False,76.0
10x10-K3-c0.5-s4,10,10,3,0.5,4,MOACO+LS,0,0.6165868329999284,0.1311894332224555,0.8763357126435323,False,76.0
10x10-K3-c0.5-s4,10,10,3,0.5,4,MOACO+LS,1,0.5737183890000779,0.1327165579095459,0.8948030666755571,False,79.0
10x10-K3-c0.5-s4,10,10,3,0.5,4,MOACO+LS,2,0.5632033490001049,0.12967000428029282,0.8953703675187906,False,91.0
10x10-K3-c0.5-s4,10,10,3,0.5,4,MOACO+LS (FP-seeded),0,0.5658785690000059,0.1311894332224555,0.8793444593360702,False,83.0
10x10-K3-c0.5-s4,10,10,3,0.5,4,MOACO+LS (FP-seeded),1,0.6117179150000993,0.13069191788600218,0.913814788663262,False,78.0
10x10-K3-c0.5-s4,10,10,3,0.5,4,MOACO+LS (FP-seeded),2,0.6337051110001539,0.12967000428029282,0.8783423355260431,False,79.0
10x10-K3-c0.5-s4,10,10,3,0.5,4,Exact LP (weighted sums),0,0.6097538720000557,0.1293182475922429,0.9372685833843551,False,44.0
15x20-K2-c0.0-s0,15,20,2,0.0,0,FP-geometric,0,0.0010321730001123797,1.1306704036004984,0.4801678447214372,False,
15x20-K2-c0.0-s0,15,20,2,0.0,0,FP-arithmetic,0,0.0007780000000821019,1.3131846495569244,0.3732924023032648,False,
15x20-K2-c0.0-s0,15,20,2,0.0,0,FP-harmonic,0,0.0007287340001767006,1.2181996215517543,0.44030233719530665,False,
15x20-K2-c0.0-s0,15,20,2,0.0,0,FP-minimum,0,0.0007962409999890951,1.3852684414919012,0.34715608869396375,False,
15x20-K2-c0.0-s0,15,20,2,0.0,0,FP-arithmetic-norm,0,0.0007326439999815193,1.3131846495569244,0.3732924023032648,False,
15x20-K2-c0.0-s0,15,20,2,0.0,0,FP-harmonic-norm,0,0.0008080790000803972,1.2181996215517543,0.44030233719530665,False,
15x20-K2-c0.0-s0,15,20,2,0.0,0,FP-minimum-norm,0,0.0007374020001407189,1.4908094780907577,0.3074648339650888,False,
15x20-K2-c0.0-s0,15,20,2,0.0,0,VAM-arithmetic-norm,0,0.0036640139999235544,1.008646459471104,0.5356191771111514,False,
15x20-K2-c0.0-s0,15,20,2,0.0,0,MOACO,0,0.7841443699999218,0.9831315579258708,0.9008019364659029,False,35.0
15x20-K2-c0.0-s0,15,20,2,0.0,0,MOACO,1,0.8496505979999256,0.9804807777402564,0.8900572997743996,False,39.0
15x20-K2-c0.0-s0,15,20,2,0.0,0,MOACO,2,0.7811406369999077,0.9957714195884811,0.9061744414977415,False,30.0
15x20-K2-c0.0-s0,15,20,2,0.0,0,MOACO+LS,0,0.9976194519999808,0.9114920450178744,0.9834693997092014,False,49.0
15x20-K2-c0.0-s0,15,20,2,0.0,0,MOACO+LS,1,1.0186729319998449,0.9114920450178744,0.9759181690223976,False,59.0
15x20-K2-c0.0-s0,15,20,2,0.0,0,MOACO+LS,2,1.0440882560001228,0.9114920450178744,0.984160774061927,False,43.0
15x20-K2-c0.0-s0,15,20,2,0.0,0,MOACO+LS (FP-seeded),0,0.9831511439999758,0.9114920450178744,0.982292702850016,False,50.0
15x20-K2-c0.0-s0,15,20,2,0.0,0,MOACO+LS (FP-seeded),1,1.0662337349999689,0.9114920450178744,0.9842669708376709,False,46.0
15x20-K2-c0.0-s0,15,20,2,0.0,0,MOACO+LS (FP-seeded),2,1.0178088669999852,0.9114920450178744,0.9799401905192978,False,47.0
15x20-K2-c0.0-s0,15,20,2,0.0,0,Exact LP (weighted sums),0,0.48804055000005064,0.9111486515597891,0.9764105778818729,False,34.0
15x20-K2-c0.0-s1,15,20,2,0.0,1,FP-geometric,0,0.0009114619999763818,1.1336476046961939,0.38894504021495274,False,
15x20-K2-c0.0-s1,15,20,2,0.0,1,FP-arithmetic,0,0.0007673430000068038,1.1143082034553122,0.48261999817306495,False,
15x20-K2-c0.0-s1,15,20,2,0.0,1,FP-harmonic,0,0.0007863890000407991,1.1371333248608053,0.37782428784636923,False,
15x20-K2-c0.0-s1,15,20,2,0.0,1,FP-minimum,0,0.0006599989999358513,1.02827843445928,0.3736976234485391,False,
15x20-K2-c0.0-s1,15,20,2,0.0,1,FP-arithmetic-norm,0,0.0007384470000033616,1.1143082034553122,0.48261999817306495,False,
15x20-K2-c0.0-s1,15,20,2,0.0,1,FP-harmonic-norm,0,0.000766010000006645,1.1371333248608053,0.37782428784636923,False,
15x20-K2-c0.0-s1,15,20,2,0.0,1,FP-minimum-norm,0,0.0006600019999041251,1.0276316817955449,0.37369511421225904,False,
15x20-K2-c0.0-s1,15,20,2,0.0,1,VAM-arithmetic-norm,0,0.003619443000161482,0.7954809085610498,0.6159486180542867,False,
15x20-K2-c0.0-s1,15,20,2,0.0,1,MOACO,0,0.8032710219999899,0.8248835140978632,0.8837991897081469,False,38.0
15x20-K2-c0.0-s1,15,20,2,0.0,1,MOACO,1,0.8147678029999952,0.8139883473479887,0.8898036331468742,False,41.0
15x20-K2-c0.0-s1,15,20,2,0.0,1,MOACO,2,0.9006514239999888,0.7513760788547745,0.8918434999061207,False,35.0
15x20-K2-c0.0-s1,15,20,2,0.0,1,MOACO+LS,0,0.8487823200000548,0.701992745138887,0.9907715722882676,False,56.0
15x20-K2-c0.0-s1,15,20,2,0.0,1,MOACO+LS,1,0.9821305129999018,0.701992745138887,0.9874159372472062,False,52.0
15x20-K2-c0.0-s1,15,20,2,0.0,1,MOACO+LS,2,0.9176536160000524,0.701992745138887,0.9905122067378257,False,51.0
15x20-K2-c0.0-s1,15,20,2,0.0,1,MOACO+LS (FP-seeded),0,1.0197743680000713,0.701992745138887,0.9878117549004922,False,53.0
15x20-K2-c0.0-s1,15,20,2,0.0,1,MOACO+LS (FP-seeded),1,1.1116960939998535,0.701992745138887,0.990481471930695,False,59.0
15x20-K2-c0.0-s1,15,20,2,0.0,1,MOACO+LS (FP-seeded),2,1.1249152479999793,0.701992745138887,0.9892870964714929,False,52.0
15x20-K2-c0.0-s1,15,20,2,0.0,1,Exact LP (weighted sums),0,0.39282057500008705,0.701992745138887,0.9880268741456876,False,42.0
15x20-K2-c0.0-s2,15,20,2,0.0,2,FP-geometric,0,0.000884202999941408,1.0977824681546504,0.4433372699997515,False,
15x20-K2-c0.0-s2,15,20,2,0.0,2,FP-arithmetic,0,0.0007928029999675346,0.7746112651881766,0.5886257467219506,False,
15x20-K2-c0.0-s2,15,20,2,0.0,2,FP-harmonic,0,0.0007975029998306127,1.0442328241185368,0.38395446782387155,False,
15x20-K2-c0.0-s2,15,20,2,0.0,2,FP-minimum,0,0.0006520279998767364,1.1239362043379209,0.3624862203802986,False,
15x20-K2-c0.0-s2,15,20,2,0.0,2,FP-arithmetic-norm,0,0.0007140759998947033,0.7746112651881766,0.5886257467219506,False,
15x20-K2-c0.0-s2,15,20,2,0.0,2,FP-harmonic-norm,0,0.0007312360000923945,1.0442328241185368,0.38395446782387155,False,
15x20-K2-c0.0-s2,15,20,2,0.0,2,FP-minimum-norm,0,0.0007640310000169848,1.1239362043379209,0.3624862203802986,False,
15x20-K2-c0.0-s2,15,20,2,0.0,2,VAM-arithmetic-norm,0,0.0034529209999618615,0.7065086971822907,0.5498388329053472,False,
15x20-K2-c0.0-s2,15,20,2,0.0,2,MOACO,0,0.7635663249998288,0.7579330887797457,0.9124567530731374,False,40.0
15x20-K2-c0.0-s2,15,20,2,0.0,2,MOACO,1,0.8860001810000995,0.7751447125080102,0.9137716997887756,False,48.0
15x20-K2-c0.0-s2,15,20,2,0.0,2,MOACO,2,0.8718664939999599,0.7410823729525051,0.9280560164053817,False,35.0
15x20-K2-c0.0-s2,15,20,2,0.0,2,MOACO+LS,0,1.0808891399999538,0.6830131571522329,0.984864534919671,False,52.0
15x20-K2-c0.0-s2,15,20,2,0.0,2,MOACO+LS,1,1.0585331100000985,0.6830131571522329,0.9858888449709509,False,60.0
15x20-K2-c0.0-s2,15,20,2,0.0,2,MOACO+LS,2,1.0352124279997952,0.6830131571522329,0.9799288611779781,False,53.0
15x20-K2-c0.0-s2,15,20,2,0.0,2,MOACO+LS (FP-seeded),0,1.048420870999962,0.6830131571522329,0.9777019739225952,False,52.0
15x20-K2-c0.0-s2,15,20,2,0.0,2,MOACO+LS (FP-seeded),1,1.0114436730000307,0.6830131571522329,0.9866575133007789,False,43.0
15x20-K2-c0.0-s2,15,20,2,0.0,2,MOACO+LS (FP-seeded),2,1.0367189280000275,0.6830131571522329,0.9855098715088653,False,48.0
15x20-K2-c0.0-s2,15,20,2,0.0,2,Exact LP (weighted sums),0,0.48486745700006395,0.6830131571522329,0.9819038315861021,False,40.0
15x20-K2-c0.0-s3,15,20,2,0.0,3,FP-geometric,0,0.0008025019999422511,0.8290664796908997,0.49840411530969325,False,
15x20-K2-c0.0-s3,15,20,2,0.0,3,FP-arithmetic,0,0.0006472190000295086,0.7683118039405158,0.5482676711045218,False,
15x20-K2-c0.0-s3,15,20,2,0.0,3,FP-harmonic,0,0.0008334859999195032,1.0343661588956625,0.4087975396999957,False,
15x20-K2-c0.0-s3,15,20,2,0.0,3,FP-minimum,0,0.0006669940000847419,1.148791268625582,0.33839366348659006,False,
15x20-K2-c0.0-s3,15,20,2,0.0,3,FP-arithmetic-norm,0,0.0006124409999301861,0.7683118039405158,0.5482676711045218,False,
15x20-K2-c0.0-s3,15,20,2,0.0,3,FP-harmonic-norm,0,0.0006889669998599857,1.0343661588956625,0.4087975396999957,False,
15x20-K2-c0.0-s3,15,20,2,0.0,3,FP-minimum-norm,0,0.0006937779999134364,1.0411979723697298,0.40027737315878315,False,
15x20-K2-c0.0-s3,15,20,2,0.0,3,VAM-arithmetic-norm,0,0.0030729540001175337,0.5730928194943934,0.6993572007262884,False,
15x20-K2-c0.0-s3,15,20,2,0.0,3,MOACO,0,0.693194215000176,0.5944615145103902,0.9155247320960995,False,34.0
15x20-K2-c0.0-s3,15,20,2,0.0,3,MOACO,1,0.7853481519998695,0.6091065405837984,0.9185768317232872,False,32.0
15x20-K2-c0.0-s3,15,20,2,0.0,3,MOACO,2,0.8208980699998847,0.5922154130750343,0.9167226904540583,False,37.0
15x20-K2-c0.0-s3,15,20,2,0.0,3,MOACO+LS,0,1.0104466820000653,0.5503806136835125,0.9904549872930487,False,43.0
15x20-K2-c0.0-s3,15,20,2,0.0,3,MOACO+LS,1,0.9142035909999322,0.5506076666542092,0.9903988119770759,False,42.0
15x20-K2-c0.0-s3,15,20,2,0.0,3,MOACO+LS,2,0.9658421029998863,0.5503806136835125,0.9920143294728155,False,47.0
15x20-K2-c0.0-s3,15,20,2,0.0,3,MOACO+LS (FP-seeded),0,1.0300749049999922,0.5503806136835125,0.9905117359758259,False,44.0
15x20-K2-c0.0-s3,15,20,2,0.0,3,MOACO+LS (FP-seeded),1,1.0689943579998271,0.5503806136835125,0.9913807089801133,False,43.0
15x20-K2-c0.0-s3,15,20,2,0.0,3,MOACO+LS (FP-seeded),2,1.0001130190000822,0.5503806136835125,0.9915515337093143,False,40.0
15x20-K2-c0.0-s3,15,20,2,0.0,3,Exact LP (weighted sums),0,0.47638934299993707,0.5503806136835125,0.9948674679131444,False,38.0
15x20-K2-c0.0-s4,15,20,2,0.0,4,FP-geometric,0,0.0008733940001093288,0.8190257359126247,0.41640810205906004,False,
15x20-K2-c0.0-s4,15,20,2,0.0,4,FP-arithmetic,0,0.0006135179999091633,0.8414012328628208,0.40235210106676333,False,
15x20-K2-c0.0-s4,15,20,2,0.0,4,FP-harmonic,0,0.0006592470001578477,1.191225386367278,0.17764391140295097,False,
15x20-K2-c0.0-s4,15,20,2,0.0,4,FP-minimum,0,0.000625691000095685,1.2929466088068367,0.12929241124215318,False,
15x20-K2-c0.0-s4,15,20,2,0.0,4,FP-arithmetic-norm,0,0.000596010999970531,0.842289864611737,0.40159395933496106,False,
15x20-K2-c0.0-s4,15,20,2,0.0,4,FP-harmonic-norm,0,0.0006923079999978654,1.191225386367278,0.17764391140295097,False,
15x20-K2-c0.0-s4,15,20,2,0.0,4,FP-minimum-norm,0,0.0006984690000990668,1.0182566439404659,0.2763729505836333,False,
15x20-K2-c0.0-s4,15,20,2,0.0,4,VAM-arithmetic-norm,0,0.0033815629999480734,0.7959490714318631,0.43722778103424803,False,
15x20-K2-c0.0-s4,15,20,2,0.0,4,MOACO,0,0.8735398139999688,0.6008971387415268,0.8639857996493766,False,46.0
15x20-K2-c0.0-s4,15,20,2,0.0,4,MOACO,1,0.8299101869999959,0.6166459322807825,0.861631562578991,False,51.0
15x20-K2-c0.0-s4,15,20,2,0.0,4,MOACO,2,0.9270778390000487,0.6031091242556075,0.8669810558478774,False,36.0
15x20-K2-c0.0-s4,15,20,2,0.0,4,MOACO+LS,0,1.043566693999992,0.5309824551090168,0.9875172673636208,False,46.0
15x20-K2-c0.0-s4,15,20,2,0.0,4,MOACO+LS,1,1.0689616940001088,0.5309824551090168,0.9819066512802945,False,41.0
15x20-K2-c0.0-s4,15,20,2,0.0,4,MOACO+LS,2,0.954178906999914,0.5309824551090168,0.9826839559265257,False,43.0
15x20-K2-c0.0-s4,15,20,2,0.0,4,MOACO+LS (FP-seeded),0,0.9561088800001016,0.5309824551090168,0.9811376448551584,False,43.0
15x20-K2-c0.0-s4,15,20,2,0.0,4,MOACO+LS (FP-seeded),1,0.967239391000021,0.5315739197551502,0.983156957758316,False,49.0
15x20-K2-c0.0-s4,15,20,2,0.0,4,MOACO+LS (FP-seeded),2,1.0509893969999666,0.5309824551090168,0.9776122860958579,False,44.0
15x20-K2-c0.0-s4,15,20,2,0.0,4,Exact LP (weighted sums),0,0.4181712909999078,0.5300513277935965,0.9827057580230565,False,33.0
15x20-K2-c0.5-s0,15,20,2,0.5,0,FP-geometric,0,0.001229567000109455,0.31402406665083304,0.31268237860106074,False,
15x20-K2-c0.5-s0,15,20,2,0.5,0,FP-arithmetic,0,0.0008985859999484092,0.2698168068288621,0.4249366435609951,False,
15x20-K2-c0.5-s0,15,20,2,0.5,0,FP-harmonic,0,0.0009074469999177381,0.30378758059069233,0.29642765425447903,False,
15x20-K2-c0.5-s0,15,20,2,0.5,0,FP-minimum,0,0.0008613899999545538,0.4746228045587261,0.10854517593124662,False,
15x20-K2-c0.5-s0,15,20,2,0.5,0,FP-arithmetic-norm,0,0.0008623659998647781,0.2656245980892009,0.4316462176165885,False,
15x20-K2-c0.5-s0,15,20,2,0.5,0,FP-harmonic-norm,0,0.0007456309999724908,0.30378758059069233,0.29642765425447903,False,
15x20-K2-c0.5-s0,15,20,2,0.5,0,FP-minimum-norm,0,0.0006791040000280191,0.48156457411982473,0.10203709638069798,False,
15x20-K2-c0.5-s0,15,20,2,0.5,0,VAM-arithmetic-norm,0,0.0037451329999385052,0.23667719623731956,0.5394360424415805,False,
15x20-K2-c0.5-s0,15,20,2,0.5,0,MOACO,0,0.7789960819998214,0.23357441024083478,0.7794317310947547,False,19.0
15x20-K2-c0.5-s0,15,20,2,0.5,0,MOACO,1,0.7041048920000321,0.2426594194744543,0.7842148092721482,False,17.0
15x20-K2-c0.5-s0,15,20,2,0.5,0,MOACO,2,0.7397902930001692,0.2186013931919601,0.820080431479889,False,20.0
15x20-K2-c0.5-s0,15,20,2,0.5,0,MOACO+LS,0,1.0081990070000302,0.19231437176109892,0.9774403384920156,False,45.0
15x20-K2-c0.5-s0,15,20,2,0.5,0,MOACO+LS,1,0.9543821949998801,0.19231437176109892,0.9749152495009714,False,38.0
15x20-K2-c0.5-s0,15,20,2,0.5,0,MOACO+LS,2,0.9790342860001147,0.19231437176109892,0.968359305733874,False,37.0
15x20-K2-c0.5-s0,15,20,2,0.5,0,MOACO+LS (FP-seeded),0,1.0233958300000268,0.19231437176109892,0.988167037099877,False,54.0
15x20-K2-c0.5-s0,15,20,2,0.5,0,MOACO+LS (FP-seeded),1,0.984326325999973,0.19231437176109892,0.9866681706351004,False,42.0
15x20-K2-c0.5-s0,15,20,2,0.5,0,MOACO+LS (FP-seeded),2,1.0034796289999122,0.19231437176109892,0.9806175469767057,False,42.0
15x20-K2-c0.5-s0,15,20,2,0.5,0,Exact LP (weighted sums),0,0.4214037379999809,0.19231437176109892,0.9787174343026777,False,34.0
15x20-K2-c0.5-s1,15,20,2,0.5,1,FP-geometric,0,0.0009549669998705212,0.3185620722530584,0.14683521511178668,False,
15x20-K2-c0.5-s1,15,20,2,0.5,1,FP-arithmetic,0,0.0007274010001765419,0.2591008897121395,0.3264735081975642,False,
15x20-K2-c0.5-s1,15,20,2,0.5,1,FP-harmonic,0,0.001086304999944332,0.2977524860438443,0.2629120833385722,False,
15x20-K2-c0.5-s1,15,20,2,0.5,1,FP-minimum,0,0.0009861580001597758,0.3254343735486083,0.23967913472073585,False,
15x20-K2-c0.5-s1,15,20,2,0.5,1,FP-arithmetic-norm,0,0.0009324459999788814,0.2930770912765495,0.26358131791211653,False,
15x20-K2-c0.5-s1,15,20,2,0.5,1,FP-harmonic-norm,0,0.001080602000001818,0.2977524860438443,0.2629120833385722,False,
15x20-K2-c0.5-s1,15,20,2,0.5,1,FP-minimum-norm,0,0.0006941239998923265,0.3254343735486083,0.23967913472073585,False,
15x20-K2-c0.5-s1,15,20,2,0.5,1,VAM-arithmetic-norm,0,0.003230484999903638,0.17812166652781164,0.512771998463149,False,
15x20-K2-c0.5-s1,15,20,2,0.5,1,MOACO,0,0.7674146300000757,0.17469630748793286,0.8339953823705535,False,22.0
15x20-K2-c0.5-s1,15,20,2,0.5,1,MOACO,1,0.7667599390001669,0.15600622037993125,0.8758704996817377,False,17.0
15x20-K2-c0.5-s1,15,20,2,0.5,1,MOACO,2,0.7006056289999378,0.15254584274389604,0.8546965299233786,False,12.0
15x20-K2-c0.5-s1,15,20,2,0.5,1,MOACO+LS,0,1.0163319260000208,0.12450502179401307,0.9916298720148377,False,32.0
15x20-K2-c0.5-s1,15,20,2,0.5,1,MOACO+LS,1,0.9345126310001888,0.12450502179401307,0.981199430617424,False,33.0
15x20-K2-c0.5-s1,15,20,2,0.5,1,MOACO+LS,2,1.0425542880000194,0.12450502179401307,0.9896636289220683,False,31.0
15x20-K2-c0.5-s1,15,20,2,0.5,1,MOACO+LS (FP-seeded),0,0.9910390110001117,0.12450502179401307,0.9891378048959493,False,35.0
15x20-K2-c0.5-s1,15,20,2,0.5,1,MOACO+LS (FP-seeded),1,0.8994016439999086,0.12450502179401307,0.9895403994973339,False,39.0
15x20-K2-c0.5-s1,15,20,2,0.5,1,MOACO+LS (FP-seeded),2,0.9896512919999623,0.12450502179401307,0.9898028986638544,False,34.0
15x20-K2-c0.5-s1,15,20,2,0.5,1,Exact LP (weighted sums),0,0.4433242190000328,0.12450502179401307,0.9840188805270732,False,30.0
15x20-K2-c0.5-s2,15,20,2,0.5,2,FP-geometric,0,0.0009742239999468438,0.14613469136945348,0.35406466960652183,False,
15x20-K2-c0.5-s2,15,20,2,0.5,2,FP-arithmetic,0,0.002773492999949667,0.2555970688114575,0.0599343479545644,False,
15x20-K2-c0.5-s2,15,20,2,0.5,2,FP-harmonic,0,0.000811091000059605,0.1745961203493403,0.2996783654401511,False,
15x20-K2-c0.5-s2,15,20,2,0.5,2,FP-minimum,0,0.002341483000009248,0.27535033683614435,0.005023500196198829,False,
15x20-K2-c0.5-s2,15,20,2,0.5,2,FP-arithmetic-norm,0,0.0008930970000164962,0.2669545315010097,0.04532411389789675,False,
15x20-K2-c0.5-s2,15,20,2,0.5,2,FP-harmonic-norm,0,0.0008297949998450349,0.16526750151183361,0.3357338378791947,False,
15x20-K2-c0.5-s2,15,20,2,0.5,2,FP-minimum-norm,0,0.0007981230000950745,0.23665289881814455,0.03674632242784445,False,
15x20-K2-c0.5-s2,15,20,2,0.5,2,VAM-arithmetic-norm,0,0.00411280599996644,0.10154404554206589,0.6038780737075975,False,
15x20-K2-c0.5-s2,15,20,2,0.5,2,MOACO,0,0.8095919620000132,0.11776079526550676,0.7590184404771837,False,19.0
15x20-K2-c0.5-s2,15,20,2,0.5,2,MOACO,1,0.8527716619998955,0.09838227967373836,0.8041195345774217,False,18.0
15x20-K2-c0.5-s2,15,20,2,0.5,2,MOACO,2,0.8019902739999907,0.09686882402069148,0.7843352247828562,False,13.0
15x20-K2-c0.5-s2,15,20,2,0.5,2,MOACO+LS,0,1.066104315000075,0.08091456932133502,0.985662898171256,False,30.0
15x20-K2-c0.5-s2,15,20,2,0.5,2,MOACO+LS,1,0.9073803910000606,0.08095992880067748,0.9867160139908387,False,23.0
15x20-K2-c0.5-s2,15,20,2,0.5,2,MOACO+LS,2,1.0200400010000976,0.08091456932133502,0.9869840414186716,False,27.0
15x20-K2-c0.5-s2,15,20,2,0.5,2,MOACO+LS (FP-seeded),0,0.9580652820000068,0.08095992880067748,0.9862197725404585,False,29.0
15x20-K2-c0.5-s2,15,20,2,0.5,2,MOACO+LS (FP-seeded),1,1.0207086030000028,0.08095992880067748,0.9880861358782949,False,28.0
15x20-K2-c0.5-s2,15,20,2,0.5,2,MOACO+LS (FP-seeded),2,1.0764648589999979,0.08095992880067748,0.990119219969359,False,28.0
15x20-K2-c0.5-s2,15,20,2,0.5,2,Exact LP (weighted sums),0,0.40016889000003175,0.08091456932133502,0.9907778045546762,False,26.0
15x20-K2-c0.5-s3,15,20,2,0.5,3,FP-geometric,0,0.0009047789999385714,0.2233627365279241,0.3670264744139224,False,
15x20-K2-c0.5-s3,15,20,2,0.5,3,FP-arithmetic,0,0.0007659650000277907,0.2359625083923801,0.349030372361325,False,
15x20-K2-c0.5-s3,15,20,2,0.5,3,FP-harmonic,0,0.0008271199999398959,0.20699730953621015,0.40660883769716755,False,
15x20-K2-c0.5-s3,15,20,2,0.5,3,FP-minimum,0,0.0007055220000893314,0.26165102924540706,0.27358516316513803,False,
15x20-K2-c0.5-s3,15,20,2,0.5,3,FP-arithmetic-norm,0,0.0010359109999171778,0.2359625083923801,0.349030372361325,False,
15x20-K2-c0.5-s3,15,20,2,0.5,3,FP-harmonic-norm,0,0.0007966600001054758,0.20699730953621015,0.40660883769716755,False,
15x20-K2-c0.5-s3,15,20,2,0.5,3,FP-minimum-norm,0,0.0007419300000037765,0.26944837574992864,0.22360851287595274,False,
15x20-K2-c0.5-s3,15,20,2,0.5,3,VAM-arithmetic-norm,0,0.0036063529998955346,0.1367059743490578,0.6275000991517378,False,
15x20-K2-c0.5-s3,15,20,2,0.5,3,MOACO,0,0.8015725230000044,0.14525366085244124,0.8152062926487325,False,15.0
15x20-K2-c0.5-s3,15,20,2,0.5,3,MOACO,1,0.8506577939999715,0.15045941834527302,0.8134275282243157,False,16.0
15x20-K2-c0.5-s3,15,20,2,0.5,3,MOACO,2,0.8584477629999583,0.13898604825726624,0.8099056856539137,False,15.0
15x20-K2-c0.5-s3,15,20,2,0.5,3,MOACO+LS,0,0.9932192819999273,0.10721114380748613,0.9885929245721318,False,38.0
15x20-K2-c0.5-s3,15,20,2,0.5,3,MOACO+LS,1,0.955283670999961,0.10721114380748613,0.987039987700344,False,33.0
15x20-K2-c0.5-s3,15,20,2,0.5,3,MOACO+LS,2,0.9674703339999269,0.10721114380748613,0.9926007837344322,False,37.0
15x20-K2-c0.5-s3,15,20,2,0.5,3,MOACO+LS (FP-seeded),0,0.9405428919999395,0.10721114380748613,0.9879110180436733,False,37.0
15x20-K2-c0.5-s3,15,20,2,0.5,3,MOACO+LS (FP-seeded),1,0.9634839479999755,0.10721114380748613,0.9842062834680013,False,31.0
15x20-K2-c0.5-s3,15,20,2,0.5,3,MOACO+LS (FP-seeded),2,0.8967391220000991,0.10721114380748613,0.9886405868584788,False,30.0
15x20-K2-c0.5-s3,15,20,2,0.5,3,Exact LP (weighted sums),0,0.35647208699992916,0.10721114380748613,0.9837359068364331,False,29.0
15x20-K2-c0.5-s4,15,20,2,0.5,4,FP-geometric,0,0.0011938709999412822,0.4061152663789955,0.0,False,
15x20-K2-c0.5-s4,15,20,2,0.5,4,FP-arithmetic,0,0.0009819449999213248,0.30458492804011955,0.0,False,
15x20-K2-c0.5-s4,15,20,2,0.5,4,FP-harmonic,0,0.0009327489999577665,0.36186795585072923,0.0,False,
15x20-K2-c0.5-s4,15,20,2,0.5,4,FP-minimum,0,0.000907435000044643,0.4050554105611785,0.011439467174034493,False,
15x20-K2-c0.5-s4,15,20,2,0.5,4,FP-arithmetic-norm,0,0.0009901220000756439,0.31561335913313404,0.0,False,
15x20-K2-c0.5-s4,15,20,2,0.5,4,FP-harmonic-norm,0,0.001413860000184286,0.3261794299203428,0.0,False,
15x20-K2-c0.5-s4,15,20,2,0.5,4,FP-minimum-norm,0,0.0009445610000966553,0.4050554105611785,0.011439467174034493,False,
15x20-K2-c0.5-s4,15,20,2,0.5,4,VAM-arithmetic-norm,0,0.005156363000196507,0.15957083270731104,0.4863919313623056,False,
15x20-K2-c0.5-s4,15,20,2,0.5,4,MOACO,0,0.7872595349999756,0.15612381424983202,0.6934378065106254,False,14.0
15x20-K2-c0.5-s4,15,20,2,0.5,4,MOACO,1,0.7706168409999918,0.1492987603437714,0.6776077562396876,False,17.0
15x20-K2-c0.5-s4,15,20,2,0.5,4,MOACO,2,0.6921672759999637,0.17147170888615004,0.6333041044867196,False,15.0
15x20-K2-c0.5-s4,15,20,2,0.5,4,MOACO+LS,0,0.8794711829998505,0.11323703041863449,0.9729478077243578,False,27.0
15x20-K2-c0.5-s4,15,20,2,0.5,4,MOACO+LS,1,0.9322690910000802,0.11323703041863449,0.9778115103144382,False,31.0
15x20-K2-c0.5-s4,15,20,2,0.5,4,MOACO+LS,2,0.9976159739999275,0.11323703041863449,0.9833367195701032,False,32.0
15x20-K2-c0.5-s4,15,20,2,0.5,4,MOACO+LS (FP-seeded),0,0.983052200999964,0.11323703041863449,0.9665779946969414,False,30.0
15x20-K2-c0.5-s4,15,20,2,0.5,4,MOACO+LS (FP-seeded),1,0.9737442380001085,0.11323703041863449,0.9757497723948555,False,32.0
15x20-K2-c0.5-s4,15,20,2,0.5,4,MOACO+LS (FP-seeded),2,1.06434913399994,0.11323703041863449,0.973444029969018,False,36.0
15x20-K2-c0.5-s4,15,20,2,0.5,4,Exact LP (weighted sums),0,0.45931378899990705,0.11323703041863449,0.983573181104884,False,27.0
15x20-K3-c0.0-s0,15,20,3,0.0,0,FP-geometric,0,0.0009855270000116434,0.6353511256693704,0.20041700556701947,False,
15x20-K3-c0.0-s0,15,20,3,0.0,0,FP-arithmetic,0,0.0007297680001556728,0.8302304303812497,0.18916472787181252,False,
15x20-K3-c0.0-s0,15,20,3,0.0,0,FP-harmonic,0,0.0007000630000675301,0.6932806662085341,0.18767607823189833,False,
15x20-K3-c0.0-s0,15,20,3,0.0,0,FP-minimum,0,0.0006769619999431598,0.8553973715011937,0.10179084344465349,False,
15x20-K3-c0.0-s0,15,20,3,0.0,0,FP-arithmetic-norm,0,0.0006977820000884094,0.8302304303812497,0.18916472787181252,False,
15x20-K3-c0.0-s0,15,20,3,0.0,0,FP-harmonic-norm,0,0.0007497470000998874,0.6932806662085341,0.18767607823189833,False,
15x20-K3-c0.0-s0,15,20,3,0.0,0,FP-minimum-norm,0,0.000646878999987166,0.8237150173296693,0.11364602916132051,False,
15x20-K3-c0.0-s0,15,20,3,0.0,0,VAM-arithmetic-norm,0,0.0034770120000757743,0.5799676047853553,0.303572415750356,False,
15x20-K3-c0.0-s0,15,20,3,0.0,0,MOACO,0,0.9159921169998597,0.585530288650554,0.8202840356713246,False,139.0
15x20-K3-c0.0-s0,15,20,3,0.0,0,MOACO,1,0.9263505080000414,0.5865178154691301,0.8253045179373919,False,168.0
15x20-K3-c0.0-s0,15,20,3,0.0,0,MOACO,2,0.8030853939999361,0.5921959466633673,0.8116700149301806,False,116.0
15x20-K3-c0.0-s0,15,20,3,0.0,0,MOACO+LS,0,1.1027553870001157,0.5546816038468694,0.9316172700917666,False,177.0
15x20-K3-c0.0-s0,15,20,3,0.0,0,MOACO+LS,1,1.1542990509999527,0.5698346739928101,0.9234065716917653,False,167.0
15x20-K3-c0.0-s0,15,20,3,0.0,0,MOACO+LS,2,1.0170901410001534,0.5590921299163977,0.912689367229752,False,147.0
15x20-K3-c0.0-s0,15,20,3,0.0,0,MOACO+LS (FP-seeded),0,1.1835827220002102,0.5562620488674127,0.9313792632459219,False,187.0
15x20-K3-c0.0-s0,15,20,3,0.0,0,MOACO+LS (FP-seeded),1,1.1282364899998356,0.5722376055650411,0.9295281186531897,False,191.0
15x20-K3-c0.0-s0,15,20,3,0.0,0,MOACO+LS (FP-seeded),2,1.114530398999932,0.5530891891511144,0.9156190572684447,False,156.0
15x20-K3-c0.0-s0,15,20,3,0.0,0,Exact LP (weighted sums),0,0.7052406929999506,0.549619531379138,0.940522222726117,False,88.0
15x20-K3-c0.0-s1,15,20,3,0.0,1,FP-geometric,0,0.0009762090001004253,0.7154653079347728,0.350852272547741,False,
15x20-K3-c0.0-s1,15,20,3,0.0,1,FP-arithmetic,0,0.0006984279998505372,0.7642362240417427,0.32114679216770664,False,
15x20-K3-c0.0-s1,15,20,3,0.0,1,FP-harmonic,0,0.0007550249999894731,0.9327931437400402,0.18992268813373994,False,
15x20-K3-c0.0-s1,15,20,3,0.0,1,FP-minimum,0,0.0007009000000834931,0.9251842505253219,0.18767037293444355,False,
15x20-K3-c0.0-s1,15,20,3,0.0,1,FP-arithmetic-norm,0,0.0007555610000054003,0.7642362240417427,0.32114679216770664,False,
15x20-K3-c0.0-s1,15,20,3,0.0,1,FP-harmonic-norm,0,0.0007301340001504286,0.9327931437400402,0.18992268813373994,False,
15x20-K3-c0.0-s1,15,20,3,0.0,1,FP-minimum-norm,0,0.0007038459998511826,0.9251842505253219,0.18767037293444355,False,
15x20-K3-c0.0-s1,15,20,3,0.0,1,VAM-arithmetic-norm,0,0.0036059490000752703,0.8631122871973615,0.2447560463950727,False,
15x20-K3-c0.0-s1,15,20,3,0.0,1,MOACO,0,1.0513921419999406,0.6742425269205453,0.7419189854597446,False,148.0
15x20-K3-c0.0-s1,15,20,3,0.0,1,MOACO,1,1.005965407000076,0.6934101619031496,0.7380657658426902,False,133.0
15x20-K3-c0.0-s1,15,20,3,0.0,1,MOACO,2,0.8237903740000547,0.6761890506889022,0.7328590215509054,False,132.0
15x20-K3-c0.0-s1,15,20,3,0.0,1,MOACO+LS,0,0.9551193110000895,0.6258119843973685,0.9097407954869221,False,132.0
15x20-K3-c0.0-s1,15,20,3,0.0,1,MOACO+LS,1,1.146865213999945,0.6414755975106995,0.9091436721467783,False,130.0
15x20-K3-c0.0-s1,15,20,3,0.0,1,MOACO+LS,2,1.1281664359999013,0.6046569921474628,0.9142599468788597,False,110.0
15x20-K3-c0.0-s1,15,20,3,0.0,1,MOACO+LS (FP-seeded),0,1.050709502000018,0.6258119843973685,0.9127343410626546,False,132.0
15x20-K3-c0.0-s1,15,20,3,0.0,1,MOACO+LS (FP-seeded),1,1.0778451410001253,0.6217151055382244,0.8920126428327356,False,128.0
15x20-K3-c0.0-s1,15,20,3,0.0,1,MOACO+LS (FP-seeded),2,1.0731725069999811,0.6036411832360433,0.917180533901493,False,102.0
15x20-K3-c0.0-s1,15,20,3,0.0,1,Exact LP (weighted sums),0,0.7093499310001334,0.6027978063796011,0.9581626161254092,False,88.0
15x20-K3-c0.0-s2,15,20,3,0.0,2,FP-geometric,0,0.001436695999927906,1.5422273703045946,0.13063932288272925,False,
15x20-K3-c0.0-s2,15,20,3,0.0,2,FP-arithmetic,0,0.0012840690001212351,1.254804643182693,0.2331721647743517,False,
15x20-K3-c0.0-s2,15,20,3,0.0,2,FP-harmonic,0,0.0012733900000512222,1.6786383905857782,0.07143944542708054,False,
15x20-K3-c0.0-s2,15,20,3,0.0,2,FP-minimum,0,0.0011837800000193965,1.5979064907097726,0.1036933238298553,False,
15x20-K3-c0.0-s2,15,20,3,0.0,2,FP-arithmetic-norm,0,0.0012412089999997988,1.154735388044669,0.3046593629731569,False,
15x20-K3-c0.0-s2,15,20,3,0.0,2,FP-harmonic-norm,0,0.001275673000009192,1.6786383905857782,0.07143944542708054,False,
15x20-K3-c0.0-s2,15,20,3,0.0,2,FP-minimum-norm,0,0.001201775000026828,1.6839580555857216,0.05560964858122287,False,
15x20-K3-c0.0-s2,15,20,3,0.0,2,VAM-arithmetic-norm,0,0.006607791999840629,0.9158224877349985,0.44838790816794477,False,
15x20-K3-c0.0-s2,15,20,3,0.0,2,MOACO,0,0.9550115609999921,0.9773598386059588,0.7933105192035239,False,148.0
15x20-K3-c0.0-s2,15,20,3,0.0,2,MOACO,1,1.0681429179999213,0.9253493429110486,0.8315674121942241,False,138.0
15x20-K3-c0.0-s2,15,20,3,0.0,2,MOACO,2,0.9671772069998497,0.9627024017136278,0.802745496864796,False,157.0
15x20-K3-c0.0-s2,15,20,3,0.0,2,MOACO+LS,0,1.1398472420000871,0.9038264880690255,0.935699228152816,False,152.0
15x20-K3-c0.0-s2,15,20,3,0.0,2,MOACO+LS,1,1.0106496719999996,0.8820525417688447,0.8962292129198565,False,131.0
15x20-K3-c0.0-s2,15,20,3,0.0,2,MOACO+LS,2,1.0132087259999025,0.8868300238244781,0.8535107230632811,False,137.0
15x20-K3-c0.0-s2,15,20,3,0.0,2,MOACO+LS (FP-seeded),0,1.272571016000029,0.9058410221312078,0.9189314750781453,False,158.0
15x20-K3-c0.0-s2,15,20,3,0.0,2,MOACO+LS (FP-seeded),1,1.0920796100001553,0.8827742415651727,0.9050031141665642,False,137.0
15x20-K3-c0.0-s2,15,20,3,0.0,2,MOACO+LS (FP-seeded),2,0.9842493160001595,0.8850702837941805,0.8685859738011701,False,131.0
15x20-K3-c0.0-s2,15,20,3,0.0,2,Exact LP (weighted sums),0,0.7226198700000168,0.8820073316153693,0.9520160942863514,False,91.0
15x20-K3-c0.0-s3,15,20,3,0.0,3,FP-geometric,0,0.0008722950001356367,1.1625030189309702,0.16998283192210523,False,
15x20-K3-c0.0-s3,15,20,3,0.0,3,FP-arithmetic,0,0.0007182660001490149,1.097430242172295,0.3254001509649325,False,
15x20-K3-c0.0-s3,15,20,3,0.0,3,FP-harmonic,0,0.0006997489999776008,1.1882647846551477,0.23536818967107553,False,
15x20-K3-c0.0-s3,15,20,3,0.0,3,FP-minimum,0,0.0009261320001314743,1.2583261967035002,0.14631633819239065,False,
15x20-K3-c0.0-s3,15,20,3,0.0,3,FP-arithmetic-norm,0,0.0010508840000511555,1.097430242172295,0.3254001509649325,False,
15x20-K3-c0.0-s3,15,20,3,0.0,3,FP-harmonic-norm,0,0.0007650620000276831,1.1882647846551477,0.23536818967107553,False,
15x20-K3-c0.0-s3,15,20,3,0.0,3,FP-minimum-norm,0,0.0007193279998318758,1.2583261967035002,0.14631633819239065,False,
15x20-K3-c0.0-s3,15,20,3,0.0,3,VAM-arithmetic-norm,0,0.0038405549998969946,1.0870455450259178,0.4074611694927322,False,
15x20-K3-c0.0-s3,15,20,3,0.0,3,MOACO,0,1.0339931249998244,0.9330175333863241,0.7929469931037174,False,174.0
15x20-K3-c0.0-s3,15,20,3,0.0,3,MOACO,1,0.9674677339999107,0.8993646014971204,0.783818662361947,False,161.0
15x20-K3-c0.0-s3,15,20,3,0.0,3,MOACO,2,1.0850917180000579,0.8799759454734929,0.7888754640987032,False,176.0
15x20-K3-c0.0-s3,15,20,3,0.0,3,MOACO+LS,0,1.2059997189999194,0.839535052132915,0.9327557049222893,False,176.0
15x20-K3-c0.0-s3,15,20,3,0.0,3,MOACO+LS,1,1.1969362089998867,0.8369560194986102,0.8756807772744986,False,169.0
15x20-K3-c0.0-s3,15,20,3,0.0,3,MOACO+LS,2,1.257433681000066,0.8527586644556907,0.9036835492970016,False,190.0
15x20-K3-c0.0-s3,15,20,3,0.0,3,MOACO+LS (FP-seeded),0,1.3125212760000977,0.8390377822581869,0.9243155416706653,False,197.0
15x20-K3-c0.0-s3,15,20,3,0.0,3,MOACO+LS (FP-seeded),1,1.2745163259999117,0.8386366583560466,0.8759188887988452,False,189.0
15x20-K3-c0.0-s3,15,20,3,0.0,3,MOACO+LS (FP-seeded),2,1.3421251409999968,0.8482264974926327,0.9148708718261862,False,205.0
15x20-K3-c0.0-s3,15,20,3,0.0,3,Exact LP (weighted sums),0,0.7455717979999008,0.8348199543927968,0.9101711820730144,False,89.0
15x20-K3-c0.0-s4,15,20,3,0.0,4,FP-geometric,0,0.0008486619999530376,1.602563216381589,0.14434931075256793,False,
15x20-K3-c0.0-s4,15,20,3,0.0,4,FP-arithmetic,0,0.0007488530000046012,1.3414055733284596,0.31685922402631644,False,
15x20-K3-c0.0-s4,15,20,3,0.0,4,FP-harmonic,0,0.0007278240000232472,1.6027818279036925,0.18372925827781242,False,
15x20-K3-c0.0-s4,15,20,3,0.0,4,FP-minimum,0,0.0007750739998755307,1.950362132465291,0.04656968669555077,False,
15x20-K3-c0.0-s4,15,20,3,0.0,4,FP-arithmetic-norm,0,0.0007122699998944881,1.3414055733284596,0.31685922402631644,False,
15x20-K3-c0.0-s4,15,20,3,0.0,4,FP-harmonic-norm,0,0.0008684399999765446,1.6027818279036925,0.18372925827781242,False,
15x20-K3-c0.0-s4,15,20,3,0.0,4,FP-minimum-norm,0,0.0011105369999313552,1.9555901968451366,0.05757919868442363,False,
15x20-K3-c0.0-s4,15,20,3,0.0,4,VAM-arithmetic-norm,0,0.00656087600009414,1.3640578816510207,0.32242411348798455,False,
15x20-K3-c0.0-s4,15,20,3,0.0,4,MOACO,0,0.9689899939999123,1.2803134653273036,0.8105471398223554,False,183.0
15x20-K3-c0.0-s4,15,20,3,0.0,4,MOACO,1,0.9092489399999977,1.2876120555094468,0.8012460313987396,False,173.0
15x20-K3-c0.0-s4,15,20,3,0.0,4,MOACO,2,1.0234472350000487,1.290400566012553,0.80058957447554,False,213.0
15x20-K3-c0.0-s4,15,20,3,0.0,4,MOACO+LS,0,1.1124354339999627,1.203618442752109,0.884593636868979,False,211.0
15x20-K3-c0.0-s4,15,20,3,0.0,4,MOACO+LS,1,1.3442618270000821,1.251303608827223,0.8877363501699175,False,205.0
15x20-K3-c0.0-s4,15,20,3,0.0,4,MOACO+LS,2,1.2086614590000408,1.2031231373645017,0.9075859390513523,False,212.0
15x20-K3-c0.0-s4,15,20,3,0.0,4,MOACO+LS (FP-seeded),0,1.397738849999996,1.2063660809968964,0.8844385560294226,False,192.0
15x20-K3-c0.0-s4,15,20,3,0.0,4,MOACO+LS (FP-seeded),1,1.1194151930001226,1.2347606879761681,0.8751158241544028,False,192.0
15x20-K3-c0.0-s4,15,20,3,0.0,4,MOACO+LS (FP-seeded),2,1.3255446329999359,1.2098164627960803,0.902419350578504,False,181.0
15x20-K3-c0.0-s4,15,20,3,0.0,4,Exact LP (weighted sums),0,0.6669793180001307,1.2021719216067408,0.9212294540032031,False,90.0
15x20-K3-c0.5-s0,15,20,3,0.5,0,FP-geometric,0,0.0007240200000069308,0.2802412249024877,0.0006048591528254314,False,
15x20-K3-c0.5-s0,15,20,3,0.5,0,FP-arithmetic,0,0.0006511940000564209,0.25032281191657463,0.04917035215184314,False,
15x20-K3-c0.5-s0,15,20,3,0.5,0,FP-harmonic,0,0.0005880680000700522,0.23823691216122664,0.05663467601613032,False,
15x20-K3-c0.5-s0,15,20,3,0.5,0,FP-minimum,0,0.0005538240000078076,0.2886415730524194,0.0,False,
15x20-K3-c0.5-s0,15,20,3,0.5,0,FP-arithmetic-norm,0,0.000606295999887152,0.248112310406954,0.05303228590101614,False,
15x20-K3-c0.5-s0,15,20,3,0.5,0,FP-harmonic-norm,0,0.000638804999880449,0.23823691216122664,0.05663467601613032,False,
15x20-K3-c0.5-s0,15,20,3,0.5,0,FP-minimum-norm,0,0.0005115640001349675,0.3199113721933862,0.0,False,
15x20-K3-c0.5-s0,15,20,3,0.5,0,VAM-arithmetic-norm,0,0.0027167190000909613,0.2510196095914686,0.09646426981585626,False,
15x20-K3-c0.5-s0,15,20,3,0.5,0,MOACO,0,0.6094853199999761,0.12982049663004847,0.6510244599535738,False,35.0
15x20-K3-c0.5-s0,15,20,3,0.5,0,MOACO,1,0.773838244999979,0.13321229930147063,0.6799451504400312,False,36.0
15x20-K3-c0.5-s0,15,20,3,0.5,0,MOACO,2,0.7799482310001622,0.1493722628432722,0.6649585242132433,False,41.0
15x20-K3-c0.5-s0,15,20,3,0.5,0,MOACO+LS,0,1.0582062440000755,0.1186403623644937,0.9170252840165491,False,63.0
15x20-K3-c0.5-s0,15,20,3,0.5,0,MOACO+LS,1,1.0798996749999787,0.12282968528026968,0.9101125731505988,False,56.0
15x20-K3-c0.5-s0,15,20,3,0.5,0,MOACO+LS,2,1.0047815640000408,0.11716809130662507,0.9270937671186228,False,63.0
15x20-K3-c0.5-s0,15,20,3,0.5,0,MOACO+LS (FP-seeded),0,0.9882276579999143,0.1186403623644937,0.9063791119154972,False,58.0
15x20-K3-c0.5-s0,15,20,3,0.5,0,MOACO+LS (FP-seeded),1,1.0182124140001179,0.12282968528026968,0.904688098094589,False,55.0
15x20-K3-c0.5-s0,15,20,3,0.5,0,MOACO+LS (FP-seeded),2,0.9986087760000828,0.11716809130662507,0.9221210346875212,False,60.0
15x20-K3-c0.5-s0,15,20,3,0.5,0,Exact LP (weighted sums),0,0.6987539540000398,0.11695260046825563,0.9507161009646804,False,82.0
15x20-K3-c0.5-s1,15,20,3,0.5,1,FP-geometric,0,0.0008315249999668595,0.16879897513839595,0.19640158069260286,False,
15x20-K3-c0.5-s1,15,20,3,0.5,1,FP-arithmetic,0,0.0007094739999047306,0.1488183992055559,0.2905385651808416,False,
15x20-K3-c0.5-s1,15,20,3,0.5,1,FP-harmonic,0,0.0006287619999056915,0.21487839007262485,0.08085075259124186,False,
15x20-K3-c0.5-s1,15,20,3,0.5,1,FP-minimum,0,0.0006398530001661129,0.2527054040192682,0.020512032720178517,False,
15x20-K3-c0.5-s1,15,20,3,0.5,1,FP-arithmetic-norm,0,0.0006368629999542463,0.1488183992055559,0.2905385651808416,False,
15x20-K3-c0.5-s1,15,20,3,0.5,1,FP-harmonic-norm,0,0.000599471999976231,0.21487839007262485,0.08085075259124186,False,
15x20-K3-c0.5-s1,15,20,3,0.5,1,FP-minimum-norm,0,0.000740185000040583,0.2533939424225386,0.015319234626162637,False,
15x20-K3-c0.5-s1,15,20,3,0.5,1,VAM-arithmetic-norm,0,0.0031723079998755566,0.17622878876521156,0.17548864971092354,False,
15x20-K3-c0.5-s1,15,20,3,0.5,1,MOACO,0,0.7411530350000248,0.13573097378643803,0.6345565006109903,False,36.0
15x20-K3-c0.5-s1,15,20,3,0.5,1,MOACO,1,0.7700486290000299,0.14516771260972838,0.5693679492725291,False,48.0
15x20-K3-c0.5-s1,15,20,3,0.5,1,MOACO,2,0.858392786000195,0.14352565303539908,0.5866418879066443,False,58.0
15x20-K3-c0.5-s1,15,20,3,0.5,1,MOACO+LS,0,1.1835419660001207,0.11521892911737325,0.930435859333194,False,58.0
15x20-K3-c0.5-s1,15,20,3,0.5,1,MOACO+LS,1,1.0207454619999226,0.11417681580130538,0.9081930726085828,False,68.0
15x20-K3-c0.5-s1,15,20,3,0.5,1,MOACO+LS,2,0.9895893140001135,0.11486605293977221,0.9284208547303137,False,63.0
15x20-K3-c0.5-s1,15,20,3,0.5,1,MOACO+LS (FP-seeded),0,1.0508035850000397,0.11521892911737325,0.9316189109137637,False,82.0
15x20-K3-c0.5-s1,15,20,3,0.5,1,MOACO+LS (FP-seeded),1,1.0691585080001005,0.11549068102061244,0.9066795474062648,False,88.0
15x20-K3-c0.5-s1,15,20,3,0.5,1,MOACO+LS (FP-seeded),2,1.0374415419998968,0.11355218772046516,0.9185581080204107,False,69.0
15x20-K3-c0.5-s1,15,20,3,0.5,1,Exact LP (weighted sums),0,0.6856402430000799,0.11355218772046516,0.9593214049393093,False,84.0
15x20-K3-c0.5-s2,15,20,3,0.5,2,FP-geometric,0,0.0008374199999252596,0.2512609133769567,0.3253069161942754,False,
15x20-K3-c0.5-s2,15,20,3,0.5,2,FP-arithmetic,0,0.0007240300001285505,0.2664374892919655,0.2592836286187323,False,
15x20-K3-c0.5-s2,15,20,3,0.5,2,FP-harmonic,0,0.0006172840000999713,0.3193432308285774,0.15404395616864686,False,
15x20-K3-c0.5-s2,15,20,3,0.5,2,FP-minimum,0,0.0006048809998446814,0.3217826853697811,0.14568649496214428,False,
15x20-K3-c0.5-s2,15,20,3,0.5,2,FP-arithmetic-norm,0,0.0006488629999239492,0.2664374892919655,0.2592836286187323,False,
15x20-K3-c0.5-s2,15,20,3,0.5,2,FP-harmonic-norm,0,0.0006429830000342918,0.3193432308285774,0.15404395616864686,False,
15x20-K3-c0.5-s2,15,20,3,0.5,2,FP-minimum-norm,0,0.000625864999847181,0.33597992964079176,0.12159067956017507,False,
15x20-K3-c0.5-s2,15,20,3,0.5,2,VAM-arithmetic-norm,0,0.0031010900002002018,0.24128451146954222,0.3550806626784807,False,
15x20-K3-c0.5-s2,15,20,3,0.5,2,MOACO,0,0.7764606789999107,0.21505094797564261,0.7057760160613873,False,67.0
15x20-K3-c0.5-s2,15,20,3,0.5,2,MOACO,1,0.7672217830001955,0.23167046139315453,0.7248684492054169,False,57.0
15x20-K3-c0.5-s2,15,20,3,0.5,2,MOACO,2,0.8021593589999156,0.224706617492715,0.698404695506799,False,59.0
15x20-K3-c0.5-s2,15,20,3,0.5,2,MOACO+LS,0,1.146769575999997,0.2040801519041561,0.9023869572158115,False,76.0
15x20-K3-c0.5-s2,15,20,3,0.5,2,MOACO+LS,1,0.9932087699999101,0.19787010535809815,0.891716538812566,False,86.0
15x20-K3-c0.5-s2,15,20,3,0.5,2,MOACO+LS,2,1.0632557660001112,0.19689668974186159,0.8734433107459866,False,78.0
15x20-K3-c0.5-s2,15,20,3,0.5,2,MOACO+LS (FP-seeded),0,1.0267012299998441,0.20503427889031833,0.9165678890555209,False,93.0
15x20-K3-c0.5-s2,15,20,3,0.5,2,MOACO+LS (FP-seeded),1,0.9660844799998358,0.19787010535809815,0.8962995234996629,False,68.0
15x20-K3-c0.5-s2,15,20,3,0.5,2,MOACO+LS (FP-seeded),2,0.9669673289999992,0.19689668974186159,0.8708211987364348,False,75.0
15x20-K3-c0.5-s2,15,20,3,0.5,2,Exact LP (weighted sums),0,0.7399062880001566,0.19689668974186159,0.9548149036109874,False,87.0
15x20-K3-c0.5-s3,15,20,3,0.5,3,FP-geometric,0,0.0008306209999773273,0.29727315952502115,0.1397883659298643,False,
15x20-K3-c0.5-s3,15,20,3,0.5,3,FP-arithmetic,0,0.0006156970000574802,0.5159474809773898,0.0,False,
15x20-K3-c0.5-s3,15,20,3,0.5,3,FP-harmonic,0,0.0005888910000066971,0.3492142103954771,0.13745980317350776,False,
15x20-K3-c0.5-s3,15,20,3,0.5,3,FP-minimum,0,0.0005935000001500157,0.3746688032724714,0.1248079517204306,False,
15x20-K3-c0.5-s3,15,20,3,0.5,3,FP-arithmetic-norm,0,0.0006079950001094403,0.5449796913926074,0.0,False,
15x20-K3-c0.5-s3,15,20,3,0.5,3,FP-harmonic-norm,0,0.0006006169999182021,0.3492142103954771,0.13745980317350776,False,
15x20-K3-c0.5-s3,15,20,3,0.5,3,FP-minimum-norm,0,0.000752660999978616,0.3837744074839721,0.11399122050633459,False,
15x20-K3-c0.5-s3,15,20,3,0.5,3,VAM-arithmetic-norm,0,0.003054204999898502,0.31480360942008745,0.08695317958999861,False,
15x20-K3-c0.5-s3,15,20,3,0.5,3,MOACO,0,0.7419352700001127,0.22873948531968483,0.6223212863602392,False,55.0
15x20-K3-c0.5-s3,15,20,3,0.5,3,MOACO,1,0.7748289129999648,0.2385311599804462,0.6360034061396094,False,43.0
15x20-K3-c0.5-s3,15,20,3,0.5,3,MOACO,2,0.6267399779999323,0.22388112017185244,0.6599750030270035,False,49.0
15x20-K3-c0.5-s3,15,20,3,0.5,3,MOACO+LS,0,1.1318042230000174,0.18879151512397066,0.922106719456011,False,71.0
15x20-K3-c0.5-s3,15,20,3,0.5,3,MOACO+LS,1,1.074816852999902,0.1881357486721961,0.9275622979213568,False,76.0
15x20-K3-c0.5-s3,15,20,3,0.5,3,MOACO+LS,2,1.1005279610001253,0.19206793093603824,0.9132486937545378,False,87.0
15x20-K3-c0.5-s3,15,20,3,0.5,3,MOACO+LS (FP-seeded),0,1.0988624270000855,0.18879151512397066,0.9275372859502218,False,73.0
15x20-K3-c0.5-s3,15,20,3,0.5,3,MOACO+LS (FP-seeded),1,1.0608521079998354,0.1881357486721961,0.9340772053861406,False,75.0
15x20-K3-c0.5-s3,15,20,3,0.5,3,MOACO+LS (FP-seeded),2,0.9792762140000377,0.19076074284181324,0.928605213669069,False,89.0
15x20-K3-c0.5-s3,15,20,3,0.5,3,Exact LP (weighted sums),0,0.7213644840001052,0.1877093834348367,0.9609734903394358,False,87.0
15x20-K3-c0.5-s4,15,20,3,0.5,4,FP-geometric,0,0.0008408670000790153,0.3621935838930201,0.17524263281402677,False,
15x20-K3-c0.5-s4,15,20,3,0.5,4,FP-arithmetic,0,0.0007031330001154856,0.311265416818356,0.19537071789355773,False,
15x20-K3-c0.5-s4,15,20,3,0.5,4,FP-harmonic,0,0.0007970120000209135,0.3801012759590168,0.15062091764139174,False,
15x20-K3-c0.5-s4,15,20,3,0.5,4,FP-minimum,0,0.0006553979999353032,0.47606216222392134,0.05554112451004792,False,
15x20-K3-c0.5-s4,15,20,3,0.5,4,FP-arithmetic-norm,0,0.000719846999800211,0.311265416818356,0.19537071789355773,False,
15x20-K3-c0.5-s4,15,20,3,0.5,4,FP-harmonic-norm,0,0.0006921679998868058,0.3801012759590168,0.15062091764139174,False,
15x20-K3-c0.5-s4,15,20,3,0.5,4,FP-minimum-norm,0,0.0006281309999849327,0.4559489763627273,0.051308695937678665,False,
15x20-K3-c0.5-s4,15,20,3,0.5,4,VAM-arithmetic-norm,0,0.0033242090000840108,0.26216248327615205,0.35150673862961496,False,
15x20-K3-c0.5-s4,15,20,3,0.5,4,MOACO,0,0.7943361619998086,0.24817688090956105,0.6771762009277723,False,51.0
15x20-K3-c0.5-s4,15,20,3,0.5,4,MOACO,1,0.8121294679999664,0.2464196102132167,0.6949891929799583,False,70.0
15x20-K3-c0.5-s4,15,20,3,0.5,4,MOACO,2,0.9725536550001834,0.23640332237614656,0.6798765092464263,False,54.0
15x20-K3-c0.5-s4,15,20,3,0.5,4,MOACO+LS,0,0.9686379679999391,0.20421424753752168,0.9060475783458869,False,70.0
15x20-K3-c0.5-s4,15,20,3,0.5,4,MOACO+LS,1,1.0214897169998949,0.20388997888209434,0.8939148018430956,False,70.0
15x20-K3-c0.5-s4,15,20,3,0.5,4,MOACO+LS,2,1.303134603999979,0.20421424753752168,0.87623275964178,False,72.0
15x20-K3-c0.5-s4,15,20,3,0.5,4,MOACO+LS (FP-seeded),0,1.0943363609999324,0.20421424753752168,0.9068771210110779,False,64.0
15x20-K3-c0.5-s4,15,20,3,0.5,4,MOACO+LS (FP-seeded),1,0.9725280950001434,0.20388997888209434,0.8905048890438265,False,68.0
15x20-K3-c0.5-s4,15,20,3,0.5,4,MOACO+LS (FP-seeded),2,1.0140190520000942,0.2039701404208121,0.8859691384015697,False,67.0
15x20-K3-c0.5-s4,15,20,3,0.5,4,Exact LP (weighted sums),0,0.5881195080000907,0.20388997888209434,0.9558960039375751,False,73.0
